Date;Open;High;Low;Close;Adj Close;Volume
2021-01-04;28,649999618530273;29,18000030517578;28,530000686645508;28,90999984741211;10,585411071777344;74719700
2021-01-05;28,899999618530273;30,18000030517578;28,239999771118164;30,040000915527344;10,999163627624512;95181100
2021-01-06;30,15999984741211;30,899999618530273;30,049999237060547;30,100000381469727;11,021130561828613;96562500
2021-01-07;30,34000015258789;31,149999618530273;30,34000015258789;31,0;11,350665092468262;56171300
2021-01-08;31,459999084472656;31,760000228881836;30,350000381469727;31,1200008392334;11,39460277557373;67136300
2021-01-11;30,610000610351562;31,059999465942383;30,399999618530273;30,860000610351562;11,299405097961426;48744700
2021-01-12;31,1200008392334;31,559999465942383;30,6299991607666;30,6299991607666;11,215189933776855;65691900
2021-01-13;30,68000030517578;30,860000610351562;29,0;29,149999618530273;10,673286437988281;93826600
2021-01-14;29,170000076293945;29,670000076293945;28,719999313354492;29,450000762939453;10,783133506774902;50745400
2021-01-15;29,049999237060547;29,079999923706055;28,030000686645508;28,1200008392334;10,296151161193848;80673300
2021-01-18;28,309999465942383;28,850000381469727;28,010000228881836;28,06999969482422;10,277844429016113;68855700
2021-01-19;28,479999542236328;28,860000610351562;27,639999389648438;28,690000534057617;10,504859924316406;61656000
2021-01-20;28,950000762939453;29,1200008392334;28,110000610351562;28,209999084472656;10,329106330871582;60306200
2021-01-21;28,020000457763672;28,399999618530273;27,510000228881836;27,549999237060547;10,087445259094238;41284900
2021-01-22;26,93000030517578;27,239999771118164;26,559999465942383;27,09000015258789;9,91901969909668;51181900
2021-01-26;27,25;27,969999313354492;26,81999969482422;27,0;9,886062622070312;64514600
2021-01-27;26,809999465942383;28,170000076293945;26,530000686645508;27,399999618530273;10,032524108886719;68337800
2021-01-28;27,31999969482422;28,450000762939453;27,309999465942383;27,760000228881836;10,164339065551758;67827000
2021-01-29;27,520000457763672;27,68000030517578;26,690000534057617;26,690000534057617;9,772558212280273;67555300
2021-02-01;27,260000228881836;27,68000030517578;26,829999923706055;27,530000686645508;10,080124855041504;44449500
2021-02-02;28,399999618530273;29,139999389648438;28,200000762939453;28,65999984741211;10,493873596191406;91663000
2021-02-03;28,979999542236328;29,139999389648438;28,65999984741211;28,940000534057617;10,596397399902344;47486800
2021-02-04;28,829999923706055;28,989999771118164;28,209999084472656;28,81999969482422;10,552456855773926;41444100
2021-02-05;28,979999542236328;30,09000015258789;28,31999969482422;28,84000015258789;10,559782028198242;121098700
2021-02-08;28,510000228881836;29,299999237060547;27,799999237060547;28,110000610351562;10,29249095916748;98821700
2021-02-09;28,049999237060547;28,3700008392334;27,3799991607666;27,540000915527344;10,083786010742188;63662200
2021-02-10;27,739999771118164;28,040000915527344;27,1200008392334;27,799999237060547;10,178983688354492;52949900
2021-02-11;28,139999389648438;28,5;27,8700008392334;28,079999923706055;10,28150749206543;61158600
2021-02-12;27,809999465942383;28,489999771118164;27,610000610351562;28,440000534057617;10,413320541381836;47801100
2021-02-17;28,520000457763672;29,600000381469727;28,1299991607666;29,59000015258789;10,834395408630371;54973400
2021-02-18;30,3799991607666;30,920000076293945;29,040000915527344;29,270000457763672;10,717226028442383;105539200
2021-02-19;28,030000686645508;28,489999771118164;27,170000076293945;27,329999923706055;10,0068941116333;215834800
2021-02-22;22,799999237060547;23,200000762939453;21,399999618530273;21,670000076293945;7,934482097625732;490230400
2021-02-23;23,049999237060547;24,260000228881836;22,709999084472656;24,059999465942383;8,809581756591797;293503100
2021-02-24;24,549999237060547;25,0;24,010000228881836;24,399999618530273;8,934074401855469;155246400
2021-02-25;25,0;25,25;23,100000381469727;23,190000534057617;8,491031646728516;170233000
2021-02-26;23,200000762939453;23,420000076293945;21,969999313354492;22,239999771118164;8,1431884765625;159881000
2021-03-01;22,799999237060547;23,040000915527344;21,920000076293945;22,0;8,05531120300293;90330100
2021-03-02;21,84000015258789;22,329999923706055;20,670000076293945;21,989999771118164;8,051648139953613;147772300
2021-03-03;21,799999237060547;21,889999389648438;20,479999542236328;21,190000534057617;7,758730888366699;185688500
2021-03-04;21,299999237060547;22,399999618530273;21,1200008392334;22,219999313354492;8,135865211486816;127843200
2021-03-05;22,440000534057617;23,219999313354492;22,290000915527344;22,389999389648438;8,19810962677002;126306300
2021-03-08;21,940000534057617;22,280000686645508;20,959999084472656;21,100000381469727;7,725774765014648;141142800
2021-03-09;21,360000610351562;21,950000762939453;20,860000610351562;21,59000015258789;7,905189514160156;122648000
2021-03-10;21,940000534057617;22,34000015258789;21,579999923706055;22,34000015258789;8,179801940917969;111744100
2021-03-11;22,6200008392334;23,489999771118164;22,610000610351562;23,290000915527344;8,527647018432617;130577500
2021-03-12;23,149999618530273;23,3799991607666;22,860000610351562;23,170000076293945;8,483709335327148;68123200
2021-03-15;23,110000610351562;23,670000076293945;23,100000381469727;23,649999618530273;8,65946102142334;68295000
2021-03-16;23,6299991607666;23,68000030517578;23,229999542236328;23,280000686645508;8,5239839553833;43407900
2021-03-17;23,139999389648438;24,1299991607666;23,110000610351562;24,079999923706055;8,816903114318848;77966400
2021-03-18;23,8799991607666;23,899999618530273;23,06999969482422;23,239999771118164;8,509339332580566;77198900
2021-03-19;23,270000457763672;24,040000915527344;23,18000030517578;24,0;8,787611961364746;90244500
2021-03-22;23,690000534057617;23,780000686645508;23,229999542236328;23,520000457763672;8,611861228942871;44129300
2021-03-23;23,170000076293945;23,6299991607666;22,799999237060547;22,799999237060547;8,348231315612793;57124700
2021-03-24;23,190000534057617;23,540000915527344;22,81999969482422;22,81999969482422;8,355554580688477;63338300
2021-03-25;22,700000762939453;23,299999237060547;22,15999984741211;23,200000762939453;8,494693756103516;79214500
2021-03-26;23,479999542236328;23,8799991607666;23,110000610351562;23,459999084472656;8,589890480041504;60918600
2021-03-29;23,34000015258789;23,829999923706055;23,280000686645508;23,829999923706055;8,725366592407227;50099700
2021-03-30;23,639999389648438;23,989999771118164;23,56999969482422;23,829999923706055;8,725366592407227;41959100
2021-03-31;23,799999237060547;24,229999542236328;23,780000686645508;24,100000381469727;8,824227333068848;68609400
2021-04-01;24,290000915527344;24,389999389648438;23,780000686645508;23,889999389648438;8,747335433959961;47232900
2021-04-05;24,1299991607666;24,200000762939453;23,68000030517578;24,040000915527344;8,802260398864746;40454400
2021-04-06;24,18000030517578;24,3700008392334;23,90999984741211;24,020000457763672;8,79493522644043;45934300
2021-04-07;23,940000534057617;24,34000015258789;23,93000030517578;24,0;8,787611961364746;55892200
2021-04-08;23,979999542236328;24,040000915527344;23,3700008392334;23,700000762939453;8,677767753601074;63231300
2021-04-09;23,5;23,780000686645508;23,3700008392334;23,649999618530273;8,65946102142334;47494400
2021-04-12;23,959999084472656;24,3700008392334;23,780000686645508;23,889999389648438;8,747335433959961;50592900
2021-04-13;23,979999542236328;24,110000610351562;23,690000534057617;23,969999313354492;8,776628494262695;53612300
2021-04-14;24,200000762939453;24,579999923706055;23,979999542236328;24,350000381469727;8,915766716003418;90836500
2021-04-15;23,700000762939453;23,829999923706055;23,020000457763672;23,09000015258789;8,738956451416016;64193600
2021-04-16;23,1299991607666;23,239999771118164;22,809999465942383;22,950000762939453;8,6859712600708;59567300
2021-04-19;22,950000762939453;24,889999389648438;22,770000457763672;24,280000686645508;9,189340591430664;196519100
2021-04-20;24,329999923706055;24,59000015258789;23,760000228881836;23,81999969482422;9,015242576599121;94965400
2021-04-22;24,139999389648438;24,190000534057617;23,649999618530273;23,709999084472656;8,973609924316406;46600100
2021-04-23;23,8799991607666;23,940000534057617;23,510000228881836;23,690000534057617;8,966041564941406;60341000
2021-04-26;23,850000381469727;24,049999237060547;23,610000610351562;23,780000686645508;9,000102043151855;33281000
2021-04-27;23,81999969482422;24,170000076293945;23,100000381469727;23,100000381469727;8,742740631103516;76684900
2021-04-28;23,399999618530273;24,09000015258789;23,360000610351562;23,940000534057617;9,060657501220703;66374200
2021-04-29;24,1200008392334;24,290000915527344;23,420000076293945;23,6200008392334;8,939546585083008;49775900
2021-04-30;23,399999618530273;23,93000030517578;23,280000686645508;23,6200008392334;8,939546585083008;61039200
2021-05-03;23,799999237060547;23,809999465942383;23,299999237060547;23,43000030517578;8,867636680603027;49039900
2021-05-04;23,540000915527344;23,639999389648438;22,8799991607666;22,889999389648438;8,663259506225586;44765000
2021-05-05;23,170000076293945;23,950000762939453;23,1200008392334;23,829999923706055;9,019024848937988;75611900
2021-05-06;23,709999084472656;23,850000381469727;23,399999618530273;23,5;8,894129753112793;54091600
2021-05-07;23,639999389648438;24,450000762939453;23,459999084472656;24,3799991607666;9,22718620300293;74118200
2021-05-10;24,799999237060547;24,979999542236328;24,579999923706055;24,700000762939453;9,348298072814941;73804500
2021-05-11;24,440000534057617;25,170000076293945;24,31999969482422;25,149999618530273;9,518611907958984;73729900
2021-05-12;24,950000762939453;25,530000686645508;24,690000534057617;24,780000686645508;9,378575325012207;89980700
2021-05-13;24,760000228881836;25,100000381469727;24,43000030517578;24,989999771118164;9,458056449890137;77282100
2021-05-14;25,799999237060547;26,3799991607666;25,549999237060547;26,299999237060547;9,953856468200684;196135500
2021-05-17;26,299999237060547;26,65999984741211;26,200000762939453;26,65999984741211;10,090105056762695;83512600
2021-05-18;26,700000762939453;26,799999237060547;26,270000457763672;26,350000381469727;9,972779273986816;63510600
2021-05-19;25,850000381469727;26,350000381469727;25,799999237060547;26,149999618530273;9,897085189819336;84700500
2021-05-20;26,149999618530273;26,280000686645508;25,719999313354492;25,93000030517578;9,813819885253906;71371100
2021-05-21;26,079999923706055;26,309999465942383;25,940000534057617;25,950000762939453;9,821389198303223;82884500
2021-05-24;26,280000686645508;26,520000457763672;25,989999771118164;26,389999389648438;9,98791790008545;63029600
2021-05-25;26,479999542236328;26,6200008392334;25,780000686645508;25,84000015258789;9,779759407043457;63672000
2021-05-26;25,90999984741211;26,18000030517578;25,649999618530273;26,09000015258789;9,87437629699707;46646900
2021-05-27;26,079999923706055;26,25;25,770000457763672;25,90999984741211;9,806251525878906;48877800
2021-05-28;26,200000762939453;27,020000457763672;26,149999618530273;26,989999771118164;10,21500301361084;129526400
2021-05-31;26,959999084472656;27,200000762939453;26,780000686645508;26,8700008392334;10,169586181640625;46298900
2021-06-01;27,399999618530273;27,700000762939453;27,010000228881836;27,290000915527344;10,328546524047852;90744900
2021-06-02;27,350000381469727;28,06999969482422;27,260000228881836;27,8700008392334;10,54805850982666;103985100
2021-06-04;28,059999465942383;28,6200008392334;27,920000076293945;28,5;10,786498069763184;102757300
2021-06-07;28,5;28,549999237060547;28,010000228881836;28,290000915527344;10,707018852233887;74548900
2021-06-08;28,170000076293945;28,799999237060547;27,959999084472656;28,65999984741211;10,847052574157715;88398600
2021-06-09;28,719999313354492;29,079999923706055;28,520000457763672;28,65999984741211;10,847052574157715;60724200
2021-06-10;28,829999923706055;29,030000686645508;28,56999969482422;28,68000030517578;10,854622840881348;35871000
2021-06-11;28,799999237060547;28,850000381469727;28,260000228881836;28,56999969482422;10,812990188598633;54894400
2021-06-14;28,899999618530273;29,350000381469727;28,610000610351562;28,75;10,881115913391113;64286600
2021-06-15;28,959999084472656;29,059999465942383;28,6299991607666;29,030000686645508;10,987088203430176;42597100
2021-06-16;29,079999923706055;29,290000915527344;28,770000457763672;29,139999389648438;11,028722763061523;77432900
2021-06-17;29,010000228881836;29,200000762939453;27,90999984741211;28,1299991607666;10,646462440490723;95264600
2021-06-18;28,0;28,420000076293945;27,639999389648438;28,31999969482422;10,718371391296387;115250700
2021-06-21;28,399999618530273;29,0;28,399999618530273;28,950000762939453;10,95681095123291;50709600
2021-06-22;29,0;29,270000457763672;28,670000076293945;29,100000381469727;11,013582229614258;41602700
2021-06-23;29,25;29,520000457763672;29,0;29,299999237060547;11,089276313781738;57278500
2021-06-24;29,489999771118164;29,649999618530273;29,219999313354492;29,649999618530273;11,221741676330566;51447000
2021-06-25;29,690000534057617;29,790000915527344;28,950000762939453;29,100000381469727;11,013582229614258;84950900
2021-06-28;29,18000030517578;29,270000457763672;28,670000076293945;29,049999237060547;10,994659423828125;40341200
2021-06-29;29,09000015258789;29,18000030517578;28,739999771118164;29,18000030517578;11,043858528137207;43215200
2021-06-30;29,030000686645508;29,56999969482422;28,920000076293945;29,43000030517578;11,13847827911377;71367600
2021-07-01;29,739999771118164;29,8799991607666;28,920000076293945;29,059999465942383;10,998441696166992;65084000
2021-07-02;29,299999237060547;29,3799991607666;28,729999542236328;29,18000030517578;11,043858528137207;37336700
2021-07-05;29,010000228881836;29,15999984741211;28,3700008392334;28,850000381469727;10,918963432312012;56028600
2021-07-06;28,700000762939453;28,799999237060547;27,670000076293945;27,670000076293945;10,472365379333496;97839700
2021-07-07;28,149999618530273;28,149999618530273;27,40999984741211;28,049999237060547;10,616185188293457;73793500
2021-07-08;27,399999618530273;27,68000030517578;27,270000457763672;27,489999771118164;10,4042387008667;80574200
2021-07-12;27,579999923706055;27,780000686645508;27,280000686645508;27,729999542236328;10,495070457458496;53001200
2021-07-13;27,559999465942383;27,969999313354492;27,3799991607666;27,899999618530273;10,55941104888916;41594300
2021-07-14;28,100000381469727;28,200000762939453;27,540000915527344;27,670000076293945;10,472365379333496;51654600
2021-07-15;27,489999771118164;27,6299991607666;26,920000076293945;27,079999923706055;10,249063491821289;67982600
2021-07-16;27,229999542236328;27,3799991607666;26,579999923706055;26,68000030517578;10,097675323486328;69024100
2021-07-19;25,969999313354492;26,450000762939453;25,860000610351562;26,239999771118164;9,931147575378418;80087700
2021-07-20;26,190000534057617;26,940000534057617;25,90999984741211;26,59000015258789;10,063613891601562;63408800
2021-07-21;26,790000915527344;27,239999771118164;26,59000015258789;26,959999084472656;10,20364761352539;51116600
2021-07-22;27,0;27,219999313354492;26,709999084472656;26,899999618530273;10,180939674377441;37736500
2021-07-23;27,100000381469727;27,170000076293945;26,68000030517578;26,739999771118164;10,120383262634277;34025500
2021-07-26;26,739999771118164;27,469999313354492;26,719999313354492;27,469999313354492;10,396668434143066;46802600
2021-07-27;27,350000381469727;27,399999618530273;26,899999618530273;27,149999618530273;10,275557518005371;51901800
2021-07-28;27,43000030517578;27,899999618530273;27,200000762939453;27,709999084472656;10,487503051757812;46727100
2021-07-29;27,799999237060547;27,920000076293945;27,5;27,809999465942383;10,525348663330078;43916600
2021-07-30;27,600000381469727;27,829999923706055;26,829999923706055;26,90999984741211;10,184724807739258;74150400
2021-08-02;27,200000762939453;27,40999984741211;26,3700008392334;26,40999984741211;9,995488166809082;70528800
2021-08-03;26,360000610351562;26,8700008392334;25,790000915527344;26,850000381469727;10,162015914916992;71850400
2021-08-04;26,549999237060547;26,770000457763672;25,950000762939453;26,280000686645508;9,946287155151367;87970600
2021-08-05;28,75;28,979999542236328;28,059999465942383;28,350000381469727;10,72972583770752;223915900
2021-08-06;28,5;28,540000915527344;28,020000457763672;28,389999389648438;10,744867324829102;51106100
2021-08-09;27,950000762939453;28,209999084472656;27,670000076293945;28,190000534057617;10,669170379638672;75381900
2021-08-10;28,299999237060547;28,780000686645508;28,239999771118164;28,280000686645508;10,70323371887207;84380900
2021-08-11;28,15999984741211;28,989999771118164;27,969999313354492;28,670000076293945;10,850838661193848;97863500
2021-08-12;28,65999984741211;29,190000534057617;28,5;29,100000381469727;11,013582229614258;95319300
2021-08-13;29,059999465942383;29,610000610351562;29,020000457763672;29,350000381469727;11,108199119567871;85201800
2021-08-16;29,200000762939453;29,239999771118164;28,239999771118164;28,639999389648438;10,839484214782715;101262100
2021-08-17;26,84000015258789;27,6299991607666;26,450000762939453;27,030000686645508;10,839448928833008;93623700
2021-08-18;27,030000686645508;27,309999465942383;26,649999618530273;26,790000915527344;10,743203163146973;86103100
2021-08-19;26,260000228881836;26,8700008392334;26,1299991607666;26,639999389648438;10,683051109313965;80808200
2021-08-20;26,399999618530273;26,6299991607666;26,170000076293945;26,600000381469727;10,667011260986328;88445600
2021-08-23;26,940000534057617;27,309999465942383;26,770000457763672;27,020000457763672;10,835437774658203;70161500
2021-08-24;27,290000915527344;27,6299991607666;27,239999771118164;27,579999923706055;11,060005187988281;49831400
2021-08-25;27,6299991607666;27,829999923706055;27,3799991607666;27,729999542236328;11,120157241821289;46031200
2021-08-26;27,579999923706055;27,8799991607666;27,469999313354492;27,489999771118164;11,02391529083252;41061300
2021-08-27;27,700000762939453;28,489999771118164;27,670000076293945;28,489999771118164;11,42492961883545;76465300
2021-08-30;28,399999618530273;28,709999084472656;28,260000228881836;28,299999237060547;11,348735809326172;61054000
2021-08-31;28,200000762939453;28,229999542236328;26,989999771118164;27,190000534057617;10,903610229492188;110574300
2021-09-01;27,31999969482422;27,34000015258789;26,329999923706055;27,040000915527344;10,84345817565918;69430400
2021-09-02;27,0;27,350000381469727;26,459999084472656;26,600000381469727;10,667011260986328;56052000
2021-09-03;26,649999618530273;26,780000686645508;26,100000381469727;26,329999923706055;10,558736801147461;58182700
2021-09-06;26,209999084472656;26,709999084472656;26,149999618530273;26,459999084472656;10,610868453979492;26770700
2021-09-08;26,290000915527344;26,350000381469727;24,790000915527344;24,969999313354492;10,013355255126953;80378400
2021-09-09;25,079999923706055;25,8799991607666;24,139999389648438;25,5;10,225894927978516;156617100
2021-09-10;26,020000457763672;26,139999389648438;25,329999923706055;25,34000015258789;10,161730766296387;78379900
2021-09-13;25,799999237060547;26,389999389648438;25,639999389648438;26,229999542236328;10,518634796142578;63317900
2021-09-14;25,950000762939453;26,25;25,719999313354492;25,8799991607666;10,378278732299805;65497300
2021-09-15;26,0;26,459999084472656;25,8700008392334;26,329999923706055;10,558736801147461;67274100
2021-09-16;26,079999923706055;26,239999771118164;25,510000228881836;26,100000381469727;10,466503143310547;65567700
2021-09-17;25,969999313354492;26,020000457763672;24,770000457763672;24,93000030517578;9,997316360473633;131694100
2021-09-20;24,079999923706055;24,649999618530273;23,790000915527344;24,649999618530273;9,885031700134277;80260600
2021-09-21;25,079999923706055;25,290000915527344;24,530000686645508;25,209999084472656;10,109599113464355;64570200
2021-09-22;25,530000686645508;26,219999313354492;25,520000457763672;25,850000381469727;10,366250038146973;70231800
2021-09-23;25,950000762939453;26,950000762939453;25,90999984741211;26,84000015258789;10,76325511932373;84480600
2021-09-24;26,549999237060547;27,059999465942383;26,469999313354492;26,899999618530273;10,787315368652344;44821500
2021-09-27;27,139999389648438;27,459999084472656;26,5;27,139999389648438;10,883559226989746;89178700
2021-09-28;27,190000534057617;27,889999389648438;26,719999313354492;26,959999084472656;10,811375617980957;117874300
2021-09-29;27,209999084472656;27,530000686645508;26,81999969482422;27,389999389648438;10,983813285827637;58731700
2021-09-30;27,530000686645508;27,579999923706055;27,170000076293945;27,229999542236328;10,91965103149414;65744000
2021-10-01;27,1200008392334;28,0;27,06999969482422;28,0;11,228432655334473;60983200
2021-10-04;27,760000228881836;28,809999465942383;27,719999313354492;28,790000915527344;11,545236587524414;106937000
2021-10-05;29,0;29,469999313354492;28,899999618530273;29,420000076293945;11,797873497009277;100469100
2021-10-06;28,950000762939453;29,170000076293945;28,469999313354492;28,639999389648438;11,485082626342773;84599400
2021-10-07;28,700000762939453;28,979999542236328;28,25;28,600000381469727;11,469042778015137;60551100
2021-10-08;29,0;29,610000610351562;28,709999084472656;29,1200008392334;11,677570343017578;84170500
2021-10-11;29,5;29,850000381469727;29,149999618530273;29,31999969482422;11,757772445678711;76466700
2021-10-13;29,170000076293945;29,700000762939453;29,079999923706055;29,6299991607666;11,882084846496582;55605400
2021-10-14;29,860000610351562;30,219999313354492;29,5;29,68000030517578;11,902137756347656;76172700
2021-10-15;29,799999237060547;29,84000015258789;29,510000228881836;29,600000381469727;11,870058059692383;72479900
2021-10-18;29,399999618530273;29,639999389648438;28,989999771118164;29,450000762939453;11,809906959533691;68971300
2021-10-19;29,239999771118164;29,31999969482422;27,860000610351562;28,010000228881836;11,232443809509277;111484000
2021-10-20;28,270000457763672;28,799999237060547;27,950000762939453;28,5;11,428939819335938;56063300
2021-10-21;27,860000610351562;28,18000030517578;26,920000076293945;27,450000762939453;11,00787353515625;101567700
2021-10-22;27,100000381469727;27,760000228881836;25,770000457763672;27,18000030517578;10,8996000289917;138384700
2021-10-25;27,760000228881836;29,309999465942383;27,649999618530273;29,040000915527344;11,645487785339355;135830600
2021-10-26;28,799999237060547;29,229999542236328;28,600000381469727;28,760000228881836;11,533205032348633;57865600
2021-10-27;28,829999923706055;29,059999465942383;28,469999313354492;28,690000534057617;11,505134582519531;57579200
2021-10-28;28,530000686645508;29,25;28,25;28,959999084472656;11,613407135009766;89578000
2021-10-29;29,1299991607666;29,190000534057617;26,969999313354492;27,149999618530273;10,887569427490234;157340000
2021-11-01;27,709999084472656;28,31999969482422;27,3700008392334;28,0;11,228432655334473;102157200
2021-11-03;27,709999084472656;27,850000381469727;26,799999237060547;26,850000381469727;10,767265319824219;83475800
2021-11-04;27,020000457763672;27,239999771118164;25,850000381469727;26,0;10,426401138305664;92603400
2021-11-05;26,290000915527344;26,540000915527344;25,780000686645508;25,850000381469727;10,366250038146973;86264000
2021-11-08;25,809999465942383;26,65999984741211;25,719999313354492;26,1200008392334;10,47452449798584;59704100
2021-11-09;26,200000762939453;26,950000762939453;26,200000762939453;26,639999389648438;10,683051109313965;73021700
2021-11-10;26,600000381469727;26,93000030517578;26,15999984741211;26,43000030517578;10,598838806152344;68176300
2021-11-11;26,8799991607666;26,8799991607666;26,239999771118164;26,450000762939453;10,606858253479004;60848900
2021-11-12;26,309999465942383;27,15999984741211;26,0;26,989999771118164;10,823407173156738;85962500
2021-11-16;27,260000228881836;27,559999465942383;26,6299991607666;27,270000457763672;10,93569278717041;60978200
2021-11-17;27,389999389648438;27,440000534057617;26,489999771118164;26,579999923706055;10,658991813659668;82106800
2021-11-18;26,690000534057617;26,75;26,049999237060547;26,540000915527344;10,642950057983398;63993000
2021-11-19;26,100000381469727;26,280000686645508;25,780000686645508;26,100000381469727;10,466503143310547;85893800
2021-11-22;26,299999237060547;27,1299991607666;26,290000915527344;26,360000610351562;10,570768356323242;59195200
2021-11-23;26,610000610351562;28,049999237060547;26,5;27,799999237060547;11,148228645324707;108382300
2021-11-24;27,780000686645508;28,440000534057617;27,510000228881836;28,3700008392334;11,376808166503906;64263300
2021-11-25;29,049999237060547;29,790000915527344;28,559999465942383;29,6200008392334;11,878077507019043;104052200
2021-11-26;28,389999389648438;29,15999984741211;28,06999969482422;28,469999313354492;11,416910171508789;108871800
2021-11-29;29,360000610351562;29,81999969482422;28,809999465942383;29,469999313354492;11,817926406860352;84672200
2021-11-30;29,299999237060547;29,639999389648438;28,860000610351562;29,43000030517578;11,801884651184082;129384600
2021-12-01;29,84000015258789;30,670000076293945;29,479999542236328;29,600000381469727;11,870058059692383;135078600
2021-12-02;26,989999771118164;28,489999771118164;26,200000762939453;28,360000610351562;12,775751113891602;191410300
2021-12-03;28,479999542236328;28,940000534057617;28,219999313354492;28,760000228881836;12,955945014953613;105133000
2021-12-06;28,780000686645508;29,270000457763672;28,68000030517578;28,889999389648438;13,014509201049805;66142300
2021-12-07;29,280000686645508;29,56999969482422;28,799999237060547;29,360000610351562;13,226238250732422;98989300
2021-12-08;29,360000610351562;30,06999969482422;29,219999313354492;29,350000381469727;13,221731185913086;71167700
2021-12-09;29,100000381469727;29,489999771118164;28,790000915527344;29,290000915527344;13,194704055786133;67668200
2021-12-10;29,5;30,100000381469727;29,479999542236328;29,649999618530273;13,3568754196167;38517500
2021-12-13;29,670000076293945;30,049999237060547;29,290000915527344;29,469999313354492;13,275789260864258;45448700
2021-12-14;29,610000610351562;29,850000381469727;29,010000228881836;29,1200008392334;13,118121147155762;56833800
2021-12-15;29,100000381469727;29,299999237060547;28,59000015258789;29,299999237060547;13,199207305908203;55085100
2021-12-16;29,6200008392334;29,979999542236328;29,5;29,690000534057617;13,374896049499512;56545700
2021-12-17;29,31999969482422;29,639999389648438;28,780000686645508;28,989999771118164;13,059557914733887;93593700
2021-12-20;28,440000534057617;28,549999237060547;27,68000030517578;28,15999984741211;12,685653686523438;106282500
2021-12-21;28,549999237060547;28,719999313354492;28,1200008392334;28,200000762939453;12,703673362731934;40454500
2021-12-22;28,399999618530273;28,399999618530273;27,969999313354492;28,15999984741211;12,685653686523438;33734500
2021-12-23;28,329999923706055;28,420000076293945;28,149999618530273;28,329999923706055;12,762235641479492;28713600
2021-12-27;28,31999969482422;28,780000686645508;28,149999618530273;28,75;12,951440811157227;44227900
2021-12-28;29,010000228881836;29,280000686645508;28,700000762939453;28,780000686645508;12,96495532989502;30688100
2021-12-29;28,700000762939453;28,899999618530273;28,420000076293945;28,540000915527344;12,856839179992676;35508400
2021-12-30;28,549999237060547;28,700000762939453;28,389999389648438;28,450000762939453;12,816295623779297;43229100
2022-01-03;28,540000915527344;29,219999313354492;28,530000686645508;29,09000015258789;13,104605674743652;52704700
2022-01-04;29,15999984741211;29,399999618530273;28,90999984741211;29,200000762939453;13,154157638549805;51739200
2022-01-05;29,190000534057617;29,270000457763672;27,940000534057617;28,06999969482422;12,645109176635742;78459800
2022-01-06;28,290000915527344;28,649999618530273;27,84000015258789;28,049999237060547;12,636101722717285;61163100
2022-01-07;28,110000610351562;28,290000915527344;27,81999969482422;28,18000030517578;12,694665908813477;47507600
2022-01-10;27,989999771118164;28,239999771118164;27,719999313354492;28,010000228881836;12,618082046508789;37455200
2022-01-11;28,100000381469727;29,06999969482422;27,850000381469727;28,84000015258789;12,991983413696289;73623800
2022-01-12;28,950000762939453;29,90999984741211;28,950000762939453;29,719999313354492;13,388410568237305;81378200
2022-01-13;29,530000686645508;30,6299991607666;29,5;30,31999969482422;13,658700942993164;76717500
2022-01-14;30,280000686645508;31,600000381469727;30,239999771118164;31,450000762939453;14,16775131225586;96458800
2022-01-17;31,399999618530273;31,809999465942383;31,25;31,5;14,190274238586426;35675900
2022-01-18;31,559999465942383;31,979999542236328;30,969999313354492;31,639999389648438;14,253342628479004;78198800
2022-01-19;31,899999618530273;32,209999084472656;31,440000534057617;31,489999771118164;14,185769081115723;77480200
2022-01-20;31,5;32,0;31,110000610351562;31,719999313354492;14,289380073547363;85353100
2022-01-21;31,56999969482422;31,8799991607666;31,530000686645508;31,770000457763672;14,311904907226562;61345400
2022-01-24;31,690000534057617;32,25;31,040000915527344;31,950000762939453;14,392993927001953;79117100
2022-01-25;31,700000762939453;33,22999954223633;31,579999923706055;32,9900016784668;14,86149787902832;98358500
2022-01-26;33,29999923706055;34,27000045776367;33,29999923706055;33,869998931884766;15,257923126220703;98679900
2022-01-27;34,25;34,63999938964844;33,16999816894531;33,880001068115234;15,262430191040039;90631000
2022-01-28;33,79999923706055;34,349998474121094;32,220001220703125;32,540000915527344;14,658777236938477;117400500
2022-01-31;32,5;33,0;32,06999969482422;32,349998474121094;14,573186874389648;62450300
2022-02-01;32,349998474121094;33,31999969482422;31,950000762939453;33,0;14,866000175476074;57315200
2022-02-02;33,40999984741211;33,4900016784668;32,36000061035156;32,52000045776367;14,64976978302002;36271700
2022-02-03;32,349998474121094;32,91999816894531;31,6200008392334;32,06999969482422;14,447049140930176;51087800
2022-02-04;32,40999984741211;33,22999954223633;31,8799991607666;32,630001068115234;14,699322700500488;59346800
2022-02-07;32,54999923706055;32,779998779296875;32,130001068115234;32,150001525878906;14,4830904006958;48868100
2022-02-08;31,899999618530273;31,950000762939453;31,260000228881836;31,829999923706055;14,338932991027832;62590000
2022-02-09;31,739999771118164;32,689998626708984;31,649999618530273;31,950000762939453;14,392993927001953;50960500
2022-02-10;32,29999923706055;32,900001525878906;31,940000534057617;32,439998626708984;14,613729476928711;49534600
2022-02-11;32,77000045776367;33,90999984741211;32,630001068115234;33,7599983215332;15,208367347717285;88013400
2022-02-14;33,86000061035156;33,939998626708984;32,81999969482422;33,0;14,866000175476074;55687000
2022-02-15;32,65999984741211;32,68000030517578;31,889999389648438;32,47999954223633;14,631749153137207;65689000
2022-02-16;32,83000183105469;33,70000076293945;32,77000045776367;32,93000030517578;14,834466934204102;65811600
2022-02-17;32,849998474121094;33,290000915527344;32,54999923706055;32,79999923706055;14,775904655456543;43255200
2022-02-18;32,56999969482422;33,09000015258789;32,27000045776367;33,0;14,866000175476074;60304700
2022-02-21;33,04999923706055;34,0;33,0;33,849998474121094;15,248913764953613;51263800
2022-02-22;34,220001220703125;34,68000030517578;33,209999084472656;33,7400016784668;15,199358940124512;80206700
2022-02-23;34,18000030517578;34,599998474121094;33,79999923706055;34,220001220703125;15,415592193603516;86530100
2022-02-24;34,79999923706055;35,290000915527344;32,68000030517578;33,38999938964844;15,041691780090332;139674100
2022-02-25;33,45000076293945;34,0;32,900001525878906;34,0;15,316486358642578;86189100
2022-03-02;35,2599983215332;35,290000915527344;34,38999938964844;34,66999816894531;15,61830997467041;58071800
2022-03-03;34,81999969482422;34,93000030517578;34,15999984741211;34,2400016784668;15,424606323242188;69237400
2022-03-04;34,08000183105469;34,68000030517578;33,81999969482422;34,22999954223633;15,420098304748535;55418000
2022-03-07;34,5;34,599998474121094;31,6299991607666;31,799999237060547;14,325419425964355;110954100
2022-03-08;32,0;32,970001220703125;31,510000228881836;32,459999084472656;14,622736930847168;111633500
2022-03-09;32,599998474121094;32,81999969482422;31,739999771118164;32,560001373291016;14,6677885055542;87779300
2022-03-10;32,599998474121094;34,599998474121094;32,52000045776367;33,70000076293945;15,181343078613281;136437700
2022-03-11;33,90999984741211;34,380001068115234;32,06999969482422;32,4900016784668;14,63625431060791;92153700
2022-03-14;32,43000030517578;32,88999938964844;31,520000457763672;31,8700008392334;14,356952667236328;52274100
2022-03-15;31,139999389648438;31,540000915527344;30,469999313354492;31,100000381469727;14,01008129119873;66272000
2022-03-16;31,5;31,540000915527344;30,3700008392334;30,829999923706055;13,888448715209961;72034900
2022-03-17;31,25;31,399999618530273;29,5;30,010000228881836;13,519050598144531;178319300
2022-03-18;30,09000015258789;30,81999969482422;29,860000610351562;30,610000610351562;13,789340019226074;93097100
2022-03-21;30,90999984741211;32,09000015258789;30,639999389648438;31,760000228881836;14,307400703430176;67700800
2022-03-22;31,989999771118164;32,099998474121094;31,350000381469727;31,6200008392334;14,244331359863281;56128600
2022-03-23;31,93000030517578;32,470001220703125;31,690000534057617;32,04999923706055;14,438039779663086;52956100
2022-03-24;32,04999923706055;32,599998474121094;31,670000076293945;32,41999816894531;14,604721069335938;49402800
2022-03-25;32,150001525878906;32,54999923706055;31,920000076293945;32,29999923706055;14,55066204071045;51780100
2022-03-28;32,060001373291016;32,08000183105469;30,979999542236328;31,600000381469727;14,235322952270508;68610500
2022-03-29;32,130001068115234;32,7599983215332;31,920000076293945;32,29999923706055;14,55066204071045;93809000
2022-03-30;32,5;32,9900016784668;32,380001068115234;32,9900016784668;14,86149787902832;69648400
2022-03-31;32,56999969482422;33,56999969482422;32,5;33,45000076293945;15,068719863891602;94269500
2022-04-01;33,54999923706055;33,790000915527344;32,90999984741211;33,0099983215332;14,870504379272461;72545400
2022-04-04;32,900001525878906;32,900001525878906;32,25;32,70000076293945;14,730855941772461;56053000
2022-04-05;32,65999984741211;33,060001373291016;32,38999938964844;32,38999938964844;14,591204643249512;45847200
2022-04-06;32,599998474121094;32,779998779296875;32,040000915527344;32,36000061035156;14,577692031860352;56947100
2022-04-07;32,63999938964844;34,060001373291016;32,5;34,040000915527344;15,334506034851074;118469400
2022-04-08;34,06999969482422;34,40999984741211;33,849998474121094;34,209999084472656;15,411086082458496;60772700
2022-04-11;33,900001525878906;34,099998474121094;33,779998779296875;33,95000076293945;15,293963432312012;48125400
2022-04-12;34,400001525878906;34,68000030517578;33,79999923706055;33,849998474121094;15,248913764953613;68522800
2022-04-13;34,369998931884766;34,79999923706055;34,099998474121094;34,56999969482422;15,573264122009277;101438800
2022-04-14;31,600000381469727;32,06999969482422;31,15999984741211;31,270000457763672;15,410752296447754;119382100
2022-04-18;31,15999984741211;31,389999389648438;30,469999313354492;30,719999313354492;15,13969612121582;76350600
2022-04-19;31,15999984741211;32,0;31,1200008392334;31,649999618530273;15,598027229309082;88494100
2022-04-20;31,649999618530273;31,950000762939453;31,329999923706055;31,799999237060547;15,671950340270996;34694700
2022-04-22;31,049999237060547;31,299999237060547;30,31999969482422;30,559999465942383;15,060842514038086;74560900
2022-04-25;29,969999313354492;30,440000534057617;29,540000915527344;30,110000610351562;14,839069366455078;66413900
2022-04-26;30,110000610351562;30,579999923706055;29,889999389648438;30,059999465942383;14,814427375793457;48764100
2022-04-27;30,3700008392334;30,559999465942383;29,950000762939453;30,059999465942383;14,814427375793457;41881300
2022-04-28;30,450000762939453;30,6200008392334;30,25;30,260000228881836;14,912994384765625;43298500
2022-04-29;30,75;31,59000015258789;30,280000686645508;30,280000686645508;14,922850608825684;76243900
2022-05-02;30,170000076293945;30,329999923706055;29,329999923706055;29,979999542236328;14,775001525878906;72456200
2022-05-03;30,1200008392334;30,389999389648438;29,81999969482422;30,25;14,908066749572754;52531000
2022-05-04;30,600000381469727;32,16999816894531;30,399999618530273;32,06999969482422;15,805014610290527;109417000
2022-05-05;31,809999465942383;32,5;31,020000457763672;32,0099983215332;15,775444030761719;99439900
2022-05-06;32,689998626708984;33,119998931884766;31,899999618530273;33,060001373291016;16,29291534423828;129570200
2022-05-09;32,70000076293945;33,040000915527344;32,060001373291016;32,15999984741211;15,849369049072266;92314500
2022-05-10;32,36000061035156;32,849998474121094;32,20000076293945;32,439998626708984;15,987360954284668;60330600
2022-05-11;32,779998779296875;33,90999984741211;32,689998626708984;33,56999969482422;16,54425621032715;108895400
2022-05-12;33,2599983215332;34,08000183105469;33,2599983215332;33,83000183105469;16,672393798828125;114415900
2022-05-13;34,099998474121094;34,439998626708984;33,900001525878906;34,27000045776367;16,889238357543945;67000100
2022-05-16;34,25;34,880001068115234;34,0099983215332;34,61000061035156;17,056800842285156;92075300
2022-05-17;35,0;35,13999938964844;34,13999938964844;34,15999984741211;16,835025787353516;90914700
2022-05-18;34,18000030517578;34,560001373291016;33,43000030517578;33,599998474121094;16,55904197692871;80986200
2022-05-19;33,52000045776367;34,290000915527344;33,33000183105469;34,16999816894531;16,839954376220703;63983100
2022-05-20;34,59000015258789;34,83000183105469;34,25;34,83000183105469;17,165224075317383;79589900
2022-05-23;35,18000030517578;36,310001373291016;35,150001525878906;36,20000076293945;17,84039878845215;93807400
2022-05-24;31,200000762939453;32,09000015258789;30,709999084472656;31,600000381469727;17,35462760925293;154453100
2022-05-25;31,700000762939453;32,279998779296875;31,260000228881836;32,04999923706055;17,601764678955078;69991900
2022-05-26;32,02000045776367;32,560001373291016;31,950000762939453;32,130001068115234;17,645700454711914;78303600
2022-05-27;32,150001525878906;32,150001525878906;30,56999969482422;30,600000381469727;16,805429458618164;118295600
2022-05-30;30,84000015258789;30,8700008392334;29,1200008392334;29,989999771118164;16,47041893005371;98110100
2022-05-31;30,40999984741211;30,6200008392334;29,809999465942383;30,059999465942383;16,508861541748047;83598000
2022-06-01;29,899999618530273;30,329999923706055;29,850000381469727;30,020000457763672;16,486896514892578;46353200
2022-06-02;29,969999313354492;30,049999237060547;29,549999237060547;29,760000228881836;16,344104766845703;50738300
2022-06-03;29,709999084472656;30,440000534057617;29,530000686645508;30,280000686645508;16,629688262939453;60396900
2022-06-06;30,5;30,530000686645508;29,90999984741211;30,299999237060547;16,640670776367188;39213900
2022-06-07;30,190000534057617;31,299999237060547;30,15999984741211;30,65999984741211;16,838380813598633;80333700
2022-06-08;30,420000076293945;31,149999618530273;30,329999923706055;30,510000228881836;16,75600242614746;65923900
2022-06-09;30,510000228881836;30,65999984741211;29,979999542236328;30,06999969482422;16,514354705810547;53879000
2022-06-10;30,010000228881836;30,010000228881836;29,059999465942383;29,649999618530273;16,28369140625;63101700
2022-06-13;29,020000457763672;29,579999923706055;28,670000076293945;29,270000457763672;16,075000762939453;64507100
2022-06-14;29,65999984741211;30,25;29,239999771118164;29,600000381469727;16,25623321533203;68816900
2022-06-15;30,0;30,020000457763672;28,84000015258789;29,079999923706055;15,970649719238281;72785700
2022-06-17;28,170000076293945;28,450000762939453;26,1299991607666;27,309999465942383;14,998570442199707;184606500
2022-06-20;26,020000457763672;28,25;25,90999984741211;27,6200008392334;15,168822288513184;92581800
2022-06-21;27,799999237060547;28,15999984741211;26,690000534057617;27,06999969482422;14,866764068603516;85179500
2022-06-22;26,579999923706055;27,549999237060547;26,389999389648438;26,989999771118164;14,82282829284668;57874700
2022-06-23;26,979999542236328;27,3799991607666;26,1200008392334;26,489999771118164;14,54822826385498;69262300
2022-06-24;26,760000228881836;27,09000015258789;26,18000030517578;26,290000915527344;14,438390731811523;53413400
2022-06-27;26,81999969482422;28,06999969482422;26,65999984741211;27,979999542236328;15,366533279418945;90417700
2022-06-28;28,579999923706055;28,829999923706055;28,020000457763672;28,329999923706055;15,55875301361084;51388000
2022-06-29;28,479999542236328;28,81999969482422;27,84000015258789;28,079999923706055;15,421452522277832;52048800
2022-06-30;27,649999618530273;28,059999465942383;27,399999618530273;27,93000030517578;15,339075088500977;49910100
2022-07-01;28,079999923706055;28,850000381469727;27,520000457763672;28,530000686645508;15,668591499328613;64948200
2022-07-04;28,540000915527344;29,280000686645508;28,540000915527344;29,139999389648438;16,00360107421875;37324200
2022-07-05;28,899999618530273;28,950000762939453;27,549999237060547;28,030000686645508;15,393993377685547;78428500
2022-07-06;28,15999984741211;28,479999542236328;26,90999984741211;27,670000076293945;15,196283340454102;57617200
2022-07-07;28,0;28,920000076293945;28,0;28,479999542236328;15,641134262084961;52147300
2022-07-08;28,530000686645508;28,969999313354492;28,3700008392334;28,799999237060547;15,816873550415039;43097800
2022-07-11;28,31999969482422;28,790000915527344;28,25;28,65999984741211;15,739989280700684;39577600
2022-07-12;28,299999237060547;28,43000030517578;27,969999313354492;28,229999542236328;15,50383186340332;46462000
2022-07-13;28,1299991607666;28,479999542236328;27,979999542236328;28,25;15,514816284179688;35497200
2022-07-14;28,0;28,0;27,239999771118164;27,489999771118164;15,097424507141113;47151000
2022-07-15;27,700000762939453;28,049999237060547;27,489999771118164;27,959999084472656;15,355550765991211;38610800
2022-07-18;28,389999389648438;28,690000534057617;28,299999237060547;28,600000381469727;15,707037925720215;46782300
2022-07-19;28,549999237060547;29,239999771118164;28,399999618530273;29,18000030517578;16,02557373046875;48562300
2022-07-20;29,06999969482422;29,219999313354492;28,829999923706055;29,170000076293945;16,020076751708984;43520800
2022-07-21;28,979999542236328;29,1299991607666;28,200000762939453;29,020000457763672;15,937698364257812;58843200
2022-07-22;29,040000915527344;29,469999313354492;28,850000381469727;29,329999923706055;16,10795021057129;55676200
2022-07-25;29,610000610351562;30,75;29,610000610351562;30,700000762939453;16,8603515625;79106600
2022-07-26;31,200000762939453;31,6200008392334;30,59000015258789;31,010000228881836;17,03059959411621;78360100
2022-07-27;31,299999237060547;31,469999313354492;30,6200008392334;31,350000381469727;17,217329025268555;56097200
2022-07-28;31,59000015258789;32,630001068115234;31,43000030517578;32,290000915527344;17,73357391357422;114996500
2022-07-29;33,599998474121094;34,65999984741211;32,83000183105469;34,150001525878906;18,75507926940918;181480600
2022-08-01;34,0;34,150001525878906;33,220001220703125;33,68000030517578;18,496957778930664;81365100
2022-08-02;33,77000045776367;34,5;33,47999954223633;33,83000183105469;18,57933807373047;69147100
2022-08-03;34,0099983215332;34,15999984741211;33,560001373291016;33,849998474121094;18,590322494506836;65544500
2022-08-04;34,08000183105469;34,400001525878906;33,58000183105469;34,209999084472656;18,78803253173828;54387500
2022-08-05;34,150001525878906;35,060001373291016;34,119998931884766;34,869998931884766;19,150501251220703;77882600
2022-08-08;35,13999938964844;36,77000045776367;35,130001068115234;36,630001068115234;20,117088317871094;109484600
2022-08-09;37,0099983215332;37,459999084472656;36,849998474121094;37,22999954223633;20,446605682373047;79051200
2022-08-10;37,650001525878906;37,650001525878906;36,61000061035156;37,11000061035156;20,38070297241211;78369600
2022-08-11;37,45000076293945;37,86000061035156;36,25;36,25;19,90839385986328;128896500
2022-08-12;29,100000381469727;31,829999923706055;29,079999923706055;31,709999084472656;21,34046745300293;171288300
2022-08-15;30,8799991607666;32,22999954223633;30,549999237060547;31,719999313354492;21,347196578979492;96759000
2022-08-16;31,719999313354492;32,06999969482422;31,5;32,0099983215332;21,5423641204834;64218800
2022-08-17;31,649999618530273;32,81999969482422;31,600000381469727;32,7599983215332;22,047103881835938;72924700
2022-08-18;33,099998474121094;33,65999984741211;32,869998931884766;33,41999816894531;22,49127769470215;84552500
2022-08-19;32,91999816894531;33,150001525878906;31,329999923706055;31,729999542236328;21,353925704956055;125178200
2022-08-22;31,739999771118164;32,58000183105469;30,479999542236328;32,40999984741211;21,811559677124023;92400300
2022-08-23;32,630001068115234;33,5;32,619998931884766;33,439998626708984;22,50473403930664;73215800
2022-08-24;33,540000915527344;34,119998931884766;33,25;33,63999938964844;22,63933563232422;61067900
2022-08-25;34,099998474121094;34,36000061035156;32,66999816894531;33,279998779296875;22,397058486938477;99511600
2022-08-26;33,279998779296875;33,66999816894531;32,56999969482422;33,63999938964844;22,63933563232422;63545400
2022-08-29;33,54999923706055;35,08000183105469;33,45000076293945;34,47999954223633;23,204647064208984;73339500
2022-08-30;34,0;34,220001220703125;32,27000045776367;32,43000030517578;21,82501983642578;99361100
2022-08-31;32,06999969482422;33,439998626708984;31,81999969482422;33,22999954223633;22,36341094970703;114235400
2022-09-01;33,36000061035156;33,95000076293945;32,7599983215332;33,849998474121094;22,780662536621094;69184700
2022-09-02;34,439998626708984;34,56999969482422;33,2599983215332;33,41999816894531;22,49127769470215;81792300
2022-09-05;33,849998474121094;34,11000061035156;33,150001525878906;33,34000015258789;22,43743896484375;76337600
2022-09-06;32,27000045776367;32,59000015258789;31,510000228881836;32,099998474121094;21,60293197631836;111813500
2022-09-08;32,310001373291016;32,779998779296875;31,399999618530273;31,799999237060547;21,401037216186523;63159800
2022-09-09;32,4900016784668;32,66999816894531;31,700000762939453;31,790000915527344;21,39430809020996;49871900
2022-09-12;32,150001525878906;32,72999954223633;31,459999084472656;31,479999542236328;21,18568229675293;71374500
2022-09-13;30,940000534057617;31,440000534057617;30,520000457763672;30,649999618530273;20,62710189819336;88327800
2022-09-14;30,75;31,43000030517578;30,6299991607666;31,1200008392334;20,943405151367188;49039700
2022-09-15;30,920000076293945;31,229999542236328;30,799999237060547;31,059999465942383;20,90302276611328;45553200
2022-09-16;30,860000610351562;30,950000762939453;30,34000015258789;30,780000686645508;20,714588165283203;107303600
2022-09-19;30,5;31,3799991607666;29,8799991607666;31,270000457763672;21,04435157775879;65559900
2022-09-20;31,420000076293945;31,600000381469727;30,84000015258789;31,09000015258789;20,923215866088867;67798200
2022-09-21;31,350000381469727;31,469999313354492;30,889999389648438;31,170000076293945;20,977054595947266;58812200
2022-09-22;31,479999542236328;32,08000183105469;31,030000686645508;31,940000534057617;21,495256423950195;69764300
2022-09-23;31,31999969482422;31,389999389648438;29,770000457763672;29,940000534057617;20,149280548095703;138630800
2022-09-26;29,719999313354492;30,079999923706055;29,270000457763672;29,290000915527344;19,711835861206055;42934600
2022-09-27;29,65999984741211;29,8799991607666;29,579999923706055;29,670000076293945;19,967571258544922;71087600
2022-09-28;29,670000076293945;29,81999969482422;28,579999923706055;29,270000457763672;19,69837760925293;104670700
2022-09-29;28,989999771118164;29,399999618530273;28,600000381469727;29,309999465942383;19,72529411315918;87536500
2022-09-30;29,219999313354492;30,489999771118164;29,0;29,799999237060547;20,055057525634766;121637100
2022-10-03;31,90999984741211;32,63999938964844;31,65999984741211;32,18000030517578;21,65677261352539;179694100
2022-10-04;32,900001525878906;32,97999954223633;31,06999969482422;31,3700008392334;21,111652374267578;115917200
2022-10-05;31,40999984741211;32,81999969482422;31,200000762939453;32,54999923706055;21,905778884887695;92893700
2022-10-06;33,0;33,790000915527344;32,439998626708984;33,65999984741211;22,652795791625977;82671900
2022-10-07;33,58000183105469;34,31999969482422;33,220001220703125;33,630001068115234;22,632606506347656;73500100
2022-10-10;33,650001525878906;33,88999938964844;33,0;33,25;22,37687110900879;52222600
2022-10-11;32,88999938964844;33,33000183105469;32,61000061035156;33,0;22,2086238861084;58332400
2022-10-13;32,5;34,4900016784668;32,40999984741211;33,939998626708984;22,841232299804688;91143900
2022-10-14;33,970001220703125;34,13999938964844;33,29999923706055;33,41999816894531;22,49127769470215;62246100
2022-10-17;33,2400016784668;34,150001525878906;32,84000015258789;33,38999938964844;22,471088409423828;100936400
2022-10-18;33,900001525878906;34,22999954223633;33,15999984741211;34,209999084472656;23,022939682006836;82313200
2022-10-19;34,130001068115234;35,560001373291016;34,02000045776367;35,41999816894531;23,83725357055664;113700900
2022-10-20;36,099998474121094;36,54999923706055;35,77000045776367;36,470001220703125;24,54389190673828;114347400
2022-10-21;36,45000076293945;38,38999938964844;36,38999938964844;37,720001220703125;25,3851318359375;139601400
2022-10-24;36,5;36,81999969482422;34,22999954223633;34,25;23,04986000061035;142110900
2022-10-25;34,040000915527344;34,5;33,209999084472656;33,529998779296875;22,565303802490234;113161200
2022-10-26;32,599998474121094;33,529998779296875;31,899999618530273;32,709999084472656;22,013456344604492;121334800
2022-10-27;32,810001373291016;33,540000915527344;32,66999816894531;32,959999084472656;22,18170166015625;111008800
2022-10-28;32,70000076293945;33,119998931884766;31,860000610351562;32,56999969482422;21,919239044189453;129745400
2022-10-31;30,610000610351562;31,600000381469727;29,15999984741211;29,809999465942383;20,061792373657227;262409400
2022-11-01;30,56999969482422;30,670000076293945;29,559999465942383;29,860000610351562;20,095439910888672;115944200
2022-11-03;29,799999237060547;30,389999389648438;29,440000534057617;29,950000762939453;20,1560115814209;139062100
2022-11-04;30,799999237060547;30,899999618530273;28,18000030517578;28,299999237060547;19,045578002929688;195361000
2022-11-07;27,959999084472656;28,299999237060547;27,06999969482422;27,149999618530273;18,271638870239258;117206600
2022-11-08;27,059999465942383;27,530000686645508;26,75;27,350000381469727;18,40623664855957;94745400
2022-11-09;27,149999618530273;27,950000762939453;26,639999389648438;26,899999618530273;18,1033935546875;103303500
2022-11-10;26,079999923706055;26,889999389648438;25,610000610351562;26,1200008392334;17,578462600708008;145470100
2022-11-11;25,799999237060547;27,360000610351562;25,700000762939453;26,989999771118164;18,16396141052246;146365800
2022-11-14;27,260000228881836;28,18000030517578;27,09000015258789;27,700000762939453;18,641782760620117;66639500
2022-11-16;27,809999465942383;28,110000610351562;26,93000030517578;27,149999618530273;18,271638870239258;85549900
2022-11-17;27,0;27,299999237060547;26,549999237060547;27,15999984741211;18,278369903564453;101525800
2022-11-18;27,399999618530273;27,600000381469727;26,219999313354492;26,700000762939453;17,968795776367188;127683500
2022-11-21;27,1200008392334;27,56999969482422;26,049999237060547;26,780000686645508;18,022632598876953;164898100
2022-11-22;23,0;23,43000030517578;22,299999237060547;23,329999923706055;16,797693252563477;164261300
2022-11-23;23,0;23,649999618530273;22,799999237060547;23,440000534057617;16,87689971923828;77317300
2022-11-24;23,520000457763672;24,6299991607666;23,25;24,25;17,460100173950195;94233800
2022-11-25;24,260000228881836;24,329999923706055;23,600000381469727;23,860000610351562;17,179298400878906;58635900
2022-11-28;23,649999618530273;24,549999237060547;23,540000915527344;24,360000610351562;17,53929901123047;56067400
2022-11-29;24,600000381469727;25,8799991607666;24,479999542236328;25,3799991607666;18,273704528808594;96151500
2022-11-30;25,600000381469727;26,65999984741211;25,5;26,65999984741211;19,195310592651367;120774700
2022-12-01;26,579999923706055;26,790000915527344;25,559999465942383;25,59000015258789;18,42490577697754;71259400
2022-12-02;25,690000534057617;26,450000762939453;25,309999465942383;25,90999984741211;18,65530776977539;66301000
2022-12-05;26,0;26,579999923706055;25,549999237060547;25,6200008392334;18,446508407592773;56065400
2022-12-06;25,81999969482422;26,389999389648438;25,420000076293945;25,639999389648438;18,460906982421875;74991200
2022-12-07;25,34000015258789;26,06999969482422;25,270000457763672;25,350000381469727;18,252103805541992;57008400
2022-12-08;25,549999237060547;25,790000915527344;24,639999389648438;24,780000686645508;17,841703414916992;55567700
2022-12-09;24,989999771118164;25,049999237060547;24,489999771118164;24,709999084472656;17,791301727294922;61586200
2022-12-12;24,579999923706055;24,65999984741211;23,1299991607666;23,90999984741211;17,215299606323242;111293100
2022-12-13;24,100000381469727;24,200000762939453;23,309999465942383;23,31999969482422;16,790494918823242;102533100
2022-12-14;22,5;22,600000381469727;20,770000457763672;21,469999313354492;15,458489418029785;319501600
2022-12-15;21,0;22,3700008392334;20,829999923706055;22,040000915527344;15,868892669677734;132385600
2022-12-16;21,959999084472656;22,110000610351562;21,510000228881836;22,049999237060547;15,876091003417969;90767300
2022-12-19;22,100000381469727;22,510000228881836;21,639999389648438;22,3799991607666;16,11369514465332;63074100
2022-12-20;22,389999389648438;23,239999771118164;22,209999084472656;23,06999969482422;16,61049461364746;71875500
2022-12-21;23,5;23,719999313354492;22,850000381469727;23,56999969482422;16,97049903869629;74252800
2022-12-22;23,899999618530273;24,559999465942383;23,700000762939453;23,989999771118164;17,272897720336914;81894800
2022-12-23;24,1299991607666;25,219999313354492;24,1299991607666;25,1200008392334;18,086505889892578;68387900
2022-12-26;25,1200008392334;25,299999237060547;24,81999969482422;24,940000534057617;17,956905364990234;28765200
2022-12-27;25,25;25,309999465942383;24,549999237060547;25,110000610351562;18,07930564880371;50803200
2022-12-28;25,100000381469727;25,31999969482422;24,75;24,799999237060547;17,856101989746094;57293500
2022-12-29;24,989999771118164;25,049999237060547;24,43000030517578;24,5;17,640100479125977;57901800
2023-01-02;23,540000915527344;23,809999465942383;22,799999237060547;22,920000076293945;16,50249481201172;78424700
2023-01-03;22,940000534057617;23,100000381469727;22,1299991607666;22,34000015258789;16,08489418029785;96750300
2023-01-04;21,959999084472656;23,59000015258789;21,829999923706055;23,049999237060547;16,59609603881836;129504000
2023-01-05;23,34000015258789;24,040000915527344;23,149999618530273;23,8799991607666;17,19369888305664;73886000
2023-01-06;23,940000534057617;24,31999969482422;23,549999237060547;23,739999771118164;17,092899322509766;51851500
2023-01-09;23,5;24,0;23,25;23,8700008392334;17,186498641967773;46385200
2023-01-10;23,950000762939453;24,110000610351562;23,3700008392334;24,09000015258789;17,344900131225586;52741100
2023-01-11;24,149999618530273;24,6200008392334;24,049999237060547;24,280000686645508;17,48170280456543;53536500
2023-01-12;24,290000915527344;24,649999618530273;24,110000610351562;24,6299991607666;17,733701705932617;58130000
2023-01-13;24,440000534057617;24,65999984741211;24,25;24,56999969482422;17,690502166748047;40002700
2023-01-16;24,40999984741211;24,5;23,829999923706055;24,040000915527344;17,30889892578125;31973700
2023-01-17;24,110000610351562;25,6200008392334;24,110000610351562;25,520000457763672;18,374507904052734;91797500
2023-01-18;25,84000015258789;26,030000686645508;25,0;25,06999969482422;18,050504684448242;69692900
2023-01-19;25,0;25,950000762939453;24,790000915527344;25,889999389648438;18,640905380249023;75553300
2023-01-20;25,889999389648438;26,600000381469727;25,420000076293945;26,3700008392334;18,98651123046875;114219500
2023-01-23;26,270000457763672;27,600000381469727;26,1299991607666;26,790000915527344;19,288911819458008;87678100
2023-01-24;27,469999313354492;27,530000686645508;26,3700008392334;26,600000381469727;19,152111053466797;65794000
2023-01-25;26,549999237060547;27,079999923706055;26,010000228881836;26,940000534057617;19,396913528442383;51832900
2023-01-26;27,09000015258789;27,200000762939453;25,799999237060547;26,25;18,900108337402344;73344800
2023-01-27;26,18000030517578;26,229999542236328;25,440000534057617;25,6200008392334;18,446508407592773;47681900
2023-01-30;25,850000381469727;26,06999969482422;25,510000228881836;25,75;18,54010581970215;40683200
2023-01-31;25,6299991607666;26,209999084472656;25,520000457763672;26,06999969482422;18,770509719848633;54048900
2023-02-01;26,06999969482422;26,479999542236328;25,450000762939453;25,709999084472656;18,511306762695312;56349200
2023-02-02;25,510000228881836;25,809999465942383;24,420000076293945;24,520000457763672;17,65450096130371;83823000
2023-02-03;24,540000915527344;25,3799991607666;24,420000076293945;24,790000915527344;17,84890365600586;71170700
2023-02-06;24,8700008392334;25,8700008392334;24,75;25,780000686645508;18,561708450317383;82794500
2023-02-07;25,90999984741211;26,139999389648438;25,459999084472656;25,6200008392334;18,446508407592773;55311800
2023-02-08;25,799999237060547;26,149999618530273;25,559999465942383;26,049999237060547;18,756107330322266;48713100
2023-02-09;26,049999237060547;26,31999969482422;25,790000915527344;25,93000030517578;18,669706344604492;38198300
2023-02-10;25,979999542236328;26,790000915527344;25,93000030517578;26,719999313354492;19,238510131835938;54683100
2023-02-13;26,690000534057617;26,889999389648438;26,3700008392334;26,799999237060547;19,296110153198242;36726900
2023-02-14;26,850000381469727;27,059999465942383;26,600000381469727;26,700000762939453;19,224111557006836;35839000
2023-02-15;26,579999923706055;26,799999237060547;26,299999237060547;26,739999771118164;19,252912521362305;72554100
2023-02-16;26,600000381469727;26,950000762939453;26,489999771118164;26,850000381469727;19,33211326599121;44115700
2023-02-17;26,670000076293945;26,670000076293945;26,3700008392334;26,440000534057617;19,036911010742188;61085700
2023-02-22;26,0;26,110000610351562;25,690000534057617;25,760000228881836;18,547306060791016;38608500
2023-02-23;25,770000457763672;26,790000915527344;25,770000457763672;26,549999237060547;19,11610984802246;73913400
2023-02-24;26,670000076293945;26,700000762939453;25,8700008392334;25,899999618530273;18,64810562133789;64409100
2023-02-27;25,84000015258789;26,739999771118164;25,809999465942383;26,149999618530273;18,828107833862305;76250600
2023-02-28;26,209999084472656;26,920000076293945;25,239999771118164;25,239999771118164;18,17290496826172;130248100
2023-03-01;25,309999465942383;25,43000030517578;24,190000534057617;25,299999237060547;18,21610450744629;109257700
2023-03-02;25,420000076293945;25,670000076293945;24,3700008392334;24,639999389648438;17,740901947021484;124516200
2023-03-03;24,829999923706055;25,739999771118164;24,450000762939453;25,700000762939453;18,504106521606445;87591800
2023-03-06;25,700000762939453;26,1200008392334;25,3700008392334;25,959999084472656;18,691307067871094;50227400
2023-03-07;25,719999313354492;25,780000686645508;24,93000030517578;25,100000381469727;18,07210350036621;59052500
2023-03-08;25,149999618530273;25,920000076293945;25,1299991607666;25,420000076293945;18,30250358581543;66220400
2023-03-09;25,350000381469727;26,229999542236328;25,280000686645508;25,309999465942383;18,223304748535156;68042300
2023-03-10;25,15999984741211;25,579999923706055;24,940000534057617;24,979999542236328;17,98570442199707;48118600
2023-03-13;24,549999237060547;24,860000610351562;24,100000381469727;24,190000534057617;17,416900634765625;58605500
2023-03-14;24,280000686645508;24,729999542236328;23,600000381469727;23,760000228881836;17,107297897338867;58916700
2023-03-15;23,329999923706055;23,479999542236328;22,799999237060547;23,34000015258789;16,80489730834961;93708800
2023-03-16;23,399999618530273;23,520000457763672;22,969999313354492;23,260000228881836;16,747295379638672;66821000
2023-03-17;23,100000381469727;23,510000228881836;22,860000610351562;23,510000228881836;16,927297592163086;93502700
2023-03-20;23,510000228881836;23,649999618530273;22,889999389648438;22,93000030517578;16,509693145751953;57575200
2023-03-21;23,200000762939453;23,600000381469727;23,079999923706055;23,399999618530273;16,84809684753418;43391200
2023-03-22;23,389999389648438;23,6200008392334;23,040000915527344;23,329999923706055;16,797693252563477;46435600
2023-03-23;23,3700008392334;23,670000076293945;22,59000015258789;22,799999237060547;16,416093826293945;74711200
2023-03-24;22,709999084472656;23,1299991607666;22,479999542236328;22,790000915527344;16,408893585205078;52556800
2023-03-27;23,110000610351562;23,360000610351562;22,829999923706055;23,18000030517578;16,689697265625;39148700
2023-03-28;23,219999313354492;23,639999389648438;23,149999618530273;23,59000015258789;16,984895706176758;29091100
2023-03-29;23,709999084472656;24,040000915527344;23,469999313354492;23,899999618530273;17,208097457885742;49148600
2023-03-30;24,25;24,280000686645508;23,68000030517578;23,969999313354492;17,258499145507812;56116900
2023-03-31;24,0;24,219999313354492;23,209999084472656;23,450000762939453;16,884096145629883;59547800
2023-04-03;24,09000015258789;24,5;23,799999237060547;24,489999771118164;17,63290023803711;73931200
2023-04-04;24,6299991607666;24,760000228881836;24,100000381469727;24,270000457763672;17,474502563476562;57505700
2023-04-05;24,190000534057617;24,530000686645508;23,270000457763672;24,350000381469727;17,532100677490234;93626400
2023-04-06;24,34000015258789;24,420000076293945;23,950000762939453;24,0;17,28009796142578;29565400
2023-04-10;24,030000686645508;24,65999984741211;24,030000686645508;24,510000228881836;17,647300720214844;41455900
2023-04-11;24,700000762939453;25,700000762939453;24,6299991607666;25,65999984741211;18,475305557250977;80565000
2023-04-12;25,979999542236328;26,149999618530273;25,18000030517578;25,850000381469727;18,61210823059082;71563400
2023-04-13;25,850000381469727;26,09000015258789;25,799999237060547;26,030000686645508;18,74170684814453;38852800
2023-04-14;25,799999237060547;26,399999618530273;25,719999313354492;26,299999237060547;18,93610954284668;38421100
2023-04-17;26,239999771118164;26,799999237060547;26,209999084472656;26,709999084472656;19,231311798095703;49427100
2023-04-18;26,709999084472656;27,6200008392334;26,520000457763672;27,389999389648438;19,72091293334961;99478800
2023-04-19;27,15999984741211;27,309999465942383;26,450000762939453;26,510000228881836;19,087310791015625;73217800
2023-04-20;26,520000457763672;26,979999542236328;26,290000915527344;26,690000534057617;19,21691131591797;54738400
2023-04-24;26,600000381469727;27,260000228881836;26,5;27,200000762939453;19,58411407470703;43820900
2023-04-25;27,15999984741211;27,5;26,719999313354492;27,09000015258789;19,504913330078125;53854100
2023-04-26;27,1200008392334;27,219999313354492;26,75;26,75;19,260112762451172;40249400
2023-04-27;26,850000381469727;27,18000030517578;25,90999984741211;26,100000381469727;18,7921085357666;115632700
2023-04-28;23,600000381469727;24,049999237060547;23,149999618530273;23,700000762939453;19,22210121154785;81138500
2023-05-02;23,700000762939453;23,739999771118164;22,639999389648438;22,739999771118164;18,4434871673584;67911100
2023-05-03;22,600000381469727;22,989999771118164;22,420000076293945;22,65999984741211;18,378599166870117;51133700
2023-05-04;22,889999389648438;23,3799991607666;22,610000610351562;23,020000457763672;18,670581817626953;57854400
2023-05-05;23,299999237060547;24,170000076293945;23,18000030517578;24,0;19,46541976928711;83365200
2023-05-08;24,450000762939453;24,6299991607666;24,209999084472656;24,510000228881836;19,879056930541992;59352300
2023-05-09;24,40999984741211;24,799999237060547;24,239999771118164;24,59000015258789;19,943944931030273;33978200
2023-05-10;24,59000015258789;24,81999969482422;24,329999923706055;24,530000686645508;19,895282745361328;41500700
2023-05-11;24,1299991607666;25,479999542236328;23,93000030517578;25,43000030517578;20,625234603881836;136878100
2023-05-12;25,579999923706055;26,739999771118164;25,479999542236328;26,25;21,290302276611328;117237500
2023-05-15;26,059999465942383;26,149999618530273;25,399999618530273;25,65999984741211;20,811777114868164;81996700
2023-05-16;26,110000610351562;27,030000686645508;26,079999923706055;26,299999237060547;21,330856323242188;117782700
2023-05-17;26,600000381469727;26,760000228881836;25,510000228881836;25,65999984741211;20,811777114868164;107129200
2023-05-18;25,59000015258789;25,850000381469727;25,350000381469727;25,809999465942383;20,933435440063477;63010500
2023-05-19;26,079999923706055;26,18000030517578;25,639999389648438;25,770000457763672;20,90099334716797;69245500
2023-05-22;25,8799991607666;26,010000228881836;25,5;25,6200008392334;20,779335021972656;38010200
2023-05-23;25,649999618530273;26,43000030517578;25,520000457763672;26,25;21,290302276611328;58285300
2023-05-24;26,25;26,899999618530273;26,049999237060547;26,649999618530273;21,614727020263672;54796400
2023-05-25;26,799999237060547;26,84000015258789;26,190000534057617;26,450000762939453;21,452516555786133;49182700
2023-05-26;26,809999465942383;26,90999984741211;26,530000686645508;26,799999237060547;21,736385345458984;39866600
2023-05-29;26,75;26,81999969482422;26,559999465942383;26,690000534057617;21,64716911315918;17977100
2023-05-30;26,719999313354492;26,799999237060547;26,260000228881836;26,389999389648438;21,403850555419922;45736700
2023-05-31;26,270000457763672;26,360000610351562;25,8700008392334;26,1200008392334;21,184865951538086;49207600
2023-06-01;26,299999237060547;27,0;26,15999984741211;26,959999084472656;21,86615562438965;63148200
2023-06-02;27,43000030517578;27,600000381469727;27,110000610351562;27,18000030517578;22,044586181640625;39919300
2023-06-05;27,540000915527344;27,559999465942383;27,229999542236328;27,469999313354492;22,27979278564453;39321700
2023-06-06;27,450000762939453;28,25;27,209999084472656;28,049999237060547;22,750207901000977;75426600
2023-06-07;28,649999618530273;29,059999465942383;28,43000030517578;28,8700008392334;23,4152774810791;82330400
2023-06-09;29,100000381469727;30,389999389648438;29,020000457763672;30,280000686645508;24,558870315551758;80442400
2023-06-12;30,219999313354492;30,989999771118164;30,040000915527344;30,809999465942383;24,988733291625977;119350400
2023-06-13;29,239999771118164;29,239999771118164;28,59000015258789;28,860000610351562;24,939971923828125;79174900
2023-06-14;28,940000534057617;30,100000381469727;28,8799991607666;30,100000381469727;26,01154327392578;98326000
2023-06-15;30,200000762939453;30,850000381469727;29,280000686645508;29,389999389648438;25,397981643676758;120579500
2023-06-16;29,229999542236328;29,920000076293945;29,040000915527344;29,639999389648438;25,614025115966797;94572000
2023-06-19;29,6299991607666;30,459999084472656;29,549999237060547;30,420000076293945;26,2880802154541;34573900
2023-06-20;30,299999237060547;30,75;29,899999618530273;30,56999969482422;26,41770362854004;55605300
2023-06-21;30,93000030517578;32,0;30,850000381469727;31,850000381469727;27,52384376525879;89294300
2023-06-22;31,459999084472656;31,690000534057617;31,079999923706055;31,450000762939453;27,17817497253418;43455800
2023-06-23;31,200000762939453;31,280000686645508;29,889999389648438;30,15999984741211;26,06339454650879;76023400
2023-06-26;30,1200008392334;31,049999237060547;30,1200008392334;30,84000015258789;26,651031494140625;53635000
2023-06-27;30,93000030517578;31,200000762939453;30,34000015258789;30,600000381469727;26,443628311157227;48399600
2023-06-28;30,579999923706055;31,18000030517578;30,549999237060547;30,889999389648438;26,694238662719727;36794600
2023-06-29;31,0;31,1200008392334;30,760000228881836;31,030000686645508;26,815223693847656;32071800
2023-06-30;31,0;31,079999923706055;29,31999969482422;29,530000686645508;25,51896858215332;104262900
2023-07-03;29,719999313354492;30,18000030517578;29,719999313354492;30,079999923706055;25,994260787963867;31266900
2023-07-04;29,959999084472656;30,389999389648438;29,959999084472656;30,149999618530273;26,054752349853516;18308000
2023-07-05;30,15999984741211;30,549999237060547;29,65999984741211;30,110000610351562;26,020185470581055;53585500
2023-07-06;29,850000381469727;30,0;29,149999618530273;29,649999618530273;25,622665405273438;47685700
2023-07-07;29,760000228881836;30,200000762939453;29,360000610351562;29,5;25,493040084838867;55533500
2023-07-10;29,110000610351562;29,670000076293945;29,010000228881836;29,549999237060547;25,5362491607666;25590200
2023-07-11;29,530000686645508;29,530000686645508;29,0;29,149999618530273;25,190580368041992;40877000
2023-07-12;29,200000762939453;29,770000457763672;29,139999389648438;29,170000076293945;25,20786476135254;40181800
2023-07-13;29,06999969482422;29,719999313354492;29,040000915527344;29,6299991607666;25,605382919311523;35886500
2023-07-14;29,5;29,579999923706055;28,860000610351562;29,049999237060547;25,104164123535156;34451100
2023-07-17;28,40999984741211;29,09000015258789;27,950000762939453;28,989999771118164;25,05231475830078;52160800
2023-07-18;29,0;29,200000762939453;28,709999084472656;28,829999923706055;24,914045333862305;35640400
2023-07-19;28,809999465942383;29,1299991607666;28,56999969482422;29,100000381469727;25,147375106811523;46517700
2023-07-20;29,06999969482422;29,350000381469727;28,8799991607666;29,1299991607666;25,173297882080078;33177100
2023-07-21;29,149999618530273;29,860000610351562;29,1299991607666;29,68000030517578;25,648591995239258;52059200
2023-07-24;29,799999237060547;30,40999984741211;29,760000228881836;30,299999237060547;26,184377670288086;45268100
2023-07-25;30,5;31,049999237060547;30,200000762939453;31,0;26,78929901123047;56261000
2023-07-26;30,950000762939453;31,219999313354492;30,6299991607666;31,0;26,78929901123047;45880200
2023-07-27;30,850000381469727;30,889999389648438;29,3799991607666;29,389999389648438;25,397981643676758;86471900
2023-07-28;29,43000030517578;29,950000762939453;29,31999969482422;29,760000228881836;25,71772575378418;43608600
2023-07-31;30,299999237060547;31,149999618530273;30,299999237060547;31,110000610351562;26,884357452392578;91290800
2023-08-01;31,09000015258789;31,09000015258789;29,950000762939453;30,600000381469727;26,443628311157227;75752400
2023-08-02;30,510000228881836;30,579999923706055;29,799999237060547;30,530000686645508;26,38313865661621;62068400
2023-08-03;30,93000030517578;31,1299991607666;30,6200008392334;30,920000076293945;26,720163345336914;57304400
2023-08-04;30,700000762939453;31,139999389648438;29,739999771118164;30,0;25,925127029418945;120685800
2023-08-07;29,860000610351562;30,5;29,860000610351562;30,190000534057617;26,089319229125977;44984900
2023-08-08;29,90999984741211;30,389999389648438;29,719999313354492;30,219999313354492;26,115243911743164;34771300
2023-08-09;30,209999084472656;30,719999313354492;30,15999984741211;30,459999084472656;26,322643280029297;48561500
2023-08-10;30,299999237060547;30,860000610351562;30,1200008392334;30,6299991607666;26,469552993774414;54020200
2023-08-11;30,610000610351562;31,040000915527344;30,15999984741211;30,559999465942383;26,409061431884766;39403200
2023-08-14;30,479999542236328;30,739999771118164;30,270000457763672;30,639999389648438;26,47819709777832;27992700
2023-08-15;32,04999923706055;32,150001525878906;30,850000381469727;30,860000610351562;26,668312072753906;87366200
2023-08-16;31,0;31,979999542236328;30,8799991607666;31,540000915527344;27,255950927734375;74461000
2023-08-17;31,75;32,189998626708984;31,309999465942383;31,440000534057617;27,16953468322754;57570600
2023-08-18;31,40999984741211;31,68000030517578;31,18000030517578;31,520000457763672;27,23866844177246;45579700
2023-08-21;31,700000762939453;32,029998779296875;30,969999313354492;31,299999237060547;27,04854965209961;42236900
2023-08-22;30,5;30,610000610351562;30,239999771118164;30,610000610351562;27,460596084594727;31372200
2023-08-23;31,200000762939453;32,2400016784668;31,09000015258789;32,2400016784668;28,922889709472656;95507400
2023-08-24;32,27000045776367;32,720001220703125;31,84000015258789;32,189998626708984;28,87803077697754;49332300
2023-08-25;32,380001068115234;32,470001220703125;31,799999237060547;31,969999313354492;28,680667877197266;34079000
2023-08-28;32,099998474121094;32,34000015258789;31,860000610351562;32,33000183105469;29,003631591796875;24956100
2023-08-29;32,400001525878906;32,5;31,989999771118164;32,400001525878906;29,06642723083496;40607500
2023-08-30;32,40999984741211;32,70000076293945;32,29999923706055;32,619998931884766;29,263790130615234;34637900
2023-08-31;32,709999084472656;32,790000915527344;31,8799991607666;31,940000534057617;28,653757095336914;48971500
2023-09-01;32,209999084472656;32,689998626708984;31,959999084472656;32,630001068115234;29,272762298583984;50089200
2023-09-04;32,68000030517578;32,720001220703125;32,209999084472656;32,290000915527344;28,967744827270508;21667400
2023-09-05;32,27000045776367;33,4900016784668;32,220001220703125;33,369998931884766;29,936622619628906;75082900
2023-09-06;33,349998474121094;33,79999923706055;33,220001220703125;33,52000045776367;30,07119369506836;57856500
2023-09-08;33,47999954223633;33,66999816894531;33,2599983215332;33,400001525878906;29,963539123535156;39074100
2023-09-11;33,470001220703125;33,689998626708984;33,33000183105469;33,369998931884766;29,936622619628906;30276200
2023-09-12;33,54999923706055;33,779998779296875;33,4900016784668;33,529998779296875;30,080162048339844;31963000
2023-09-13;33,650001525878906;33,70000076293945;33,029998779296875;33,029998779296875;29,63160514831543;47685700
2023-09-14;33,099998474121094;34,0;33,099998474121094;33,869998931884766;30,385177612304688;46502100
2023-09-15;33,869998931884766;33,9900016784668;33,61000061035156;33,88999938964844;30,40312385559082;54801500
2023-09-18;34,0;34,709999084472656;33,849998474121094;34,130001068115234;30,61842918395996;52363400
2023-09-19;34,209999084472656;34,619998931884766;34,06999969482422;34,209999084472656;30,690196990966797;43247200
2023-09-20;34,150001525878906;34,61000061035156;34,0099983215332;34,290000915527344;30,761966705322266;39102300
2023-09-21;34,0;34,290000915527344;33,630001068115234;33,7599983215332;30,286495208740234;60109400
2023-09-22;34,02000045776367;34,189998626708984;33,810001373291016;34,029998779296875;30,528717041015625;31020500
2023-09-25;33,95000076293945;34,33000183105469;33,93000030517578;34,25;30,726083755493164;26767200
2023-09-26;34,0;34,09000015258789;33,459999084472656;33,459999084472656;30,017362594604492;60687500
2023-09-27;33,86000061035156;34,52000045776367;33,779998779296875;34,52000045776367;30,96830177307129;53708700
2023-09-28;34,45000076293945;34,540000915527344;34,209999084472656;34,45000076293945;30,905508041381836;30765000
2023-09-29;34,5;34,689998626708984;34,25;34,63999938964844;31,075956344604492;40227600
2023-10-02;34,54999923706055;34,77000045776367;33,93000030517578;34,119998931884766;30,60945701599121;34403400
2023-10-03;33,970001220703125;34,22999954223633;33,630001068115234;33,970001220703125;30,47489356994629;37947300
2023-10-04;33,599998474121094;33,709999084472656;32,38999938964844;32,619998931884766;29,263790130615234;88895900
2023-10-05;32,5099983215332;32,939998626708984;32,290000915527344;32,72999954223633;29,362470626831055;35342000
2023-10-06;32,599998474121094;33,81999969482422;32,33000183105469;33,5099983215332;30,062217712402344;48132800
2023-10-09;34,150001525878906;35,08000183105469;34,099998474121094;34,95000076293945;31,354061126708984;77528400
2023-10-10;34,900001525878906;35,34000015258789;34,7400016784668;35,209999084472656;31,587310791015625;48326500
2023-10-11;35,13999938964844;35,25;34,4900016784668;35,119998931884766;31,50657081604004;41578500
2023-10-13;35,790000915527344;36,36000061035156;35,779998779296875;36,279998779296875;32,54722213745117;66943700
2023-10-16;36,400001525878906;36,79999923706055;35,959999084472656;36,68000030517578;32,906063079833984;49626600
2023-10-17;36,70000076293945;37,66999816894531;36,630001068115234;37,66999816894531;33,79420471191406;68814800
2023-10-18;37,9900016784668;38,61000061035156;37,90999984741211;38,52000045776367;34,5567512512207;85931700
2023-10-19;38,36000061035156;38,470001220703125;37,91999816894531;38,34000015258789;34,3952751159668;56016600
2023-10-20;38,689998626708984;38,86000061035156;37,38999938964844;37,849998474121094;33,955684661865234;66242400
2023-10-23;36,59000015258789;36,79999923706055;35,2599983215332;35,349998474121094;31,71290397644043;104499100
2023-10-24;35,650001525878906;36,189998626708984;35,16999816894531;35,880001068115234;32,188377380371094;78634900
2023-10-25;36,08000183105469;36,279998779296875;35,75;36,06999969482422;32,35882568359375;32846500
2023-10-26;35,849998474121094;35,93000030517578;35,150001525878906;35,70000076293945;32,02689743041992;47858600
2023-10-27;36,209999084472656;36,459999084472656;35,16999816894531;35,439998626708984;31,79364776611328;45843100
2023-10-30;35,58000183105469;35,720001220703125;34,86000061035156;35,08000183105469;31,470687866210938;31346900
2023-10-31;35,0099983215332;35,18000030517578;34,4900016784668;34,7400016784668;31,165666580200195;36965200
2023-11-01;35,02000045776367;35,540000915527344;34,900001525878906;35,119998931884766;31,50657081604004;46335300
2023-11-03;35,790000915527344;35,88999938964844;35,04999923706055;35,540000915527344;31,883359909057617;30959700
2023-11-06;35,7400016784668;36,130001068115234;35,5099983215332;35,5099983215332;31,856441497802734;33583600
2023-11-07;35,06999969482422;35,41999816894531;34,65999984741211;34,91999816894531;31,327146530151367;48919900
2023-11-08;34,599998474121094;34,79999923706055;33,90999984741211;34,16999816894531;30,654312133789062;59742900
2023-11-09;34,5;35,150001525878906;34,36000061035156;34,880001068115234;31,2912654876709;56231100
2023-11-10;34,65999984741211;35,060001373291016;34,5099983215332;34,720001220703125;31,147727966308594;40004800
2023-11-13;34,68000030517578;35,75;34,66999816894531;35,689998626708984;32,01792526245117;44120000
2023-11-14;35,689998626708984;36,2400016784668;35,4900016784668;36,18000030517578;32,45751190185547;50888600
2023-11-16;35,97999954223633;36,4900016784668;35,5;35,54999923706055;31,89232635498047;72361200
2023-11-17;35,83000183105469;36,91999816894531;35,81999969482422;36,709999084472656;32,932979583740234;87666300
2023-11-20;36,77000045776367;37,220001220703125;36,27000045776367;36,7400016784668;32,95989227294922;67796900
2023-11-21;36,540000915527344;36,540000915527344;35,90999984741211;36,36000061035156;32,61899185180664;49597800
2023-11-22;34,900001525878906;35,15999984741211;34,25;35,15999984741211;32,77863693237305;58578300
2023-11-23;35,130001068115234;35,25;34,810001373291016;35,16999816894531;32,787960052490234;24068100
2023-11-24;34,97999954223633;35,81999969482422;34,709999084472656;35,27000045776367;32,881187438964844;53456200
2023-11-27;35,0;35,400001525878906;34,75;35,06999969482422;32,694732666015625;36996000
2023-11-28;35,16999816894531;35,619998931884766;35,150001525878906;35,599998474121094;33,18883514404297;36875900
2023-11-29;35,900001525878906;36,029998779296875;34,939998626708984;35,22999954223633;32,84389877319336;37528600
2023-11-30;35,459999084472656;35,91999816894531;35,2400016784668;35,90999984741211;33,477840423583984;58808800
2023-12-01;35,720001220703125;36,0;35,529998779296875;35,66999816894531;33,25409698486328;36388100
2023-12-04;35,439998626708984;35,54999923706055;34,849998474121094;34,90999984741211;32,545570373535156;35601900
2023-12-05;34,91999816894531;35,16999816894531;34,68000030517578;34,75;32,39640808105469;43234200
2023-12-06;34,54999923706055;34,79999923706055;33,5;33,5;31,23107147216797;64179200
2023-12-07;33,650001525878906;34,18000030517578;33,040000915527344;33,41999816894531;31,15648651123047;64723900
2023-12-08;33,709999084472656;34,540000915527344;33,47999954223633;34,4900016784668;32,15401840209961;53290700
2023-12-11;34,459999084472656;34,689998626708984;34,2400016784668;34,36000061035156;32,0328254699707;30613300
2023-12-12;34,54999923706055;34,599998474121094;33,79999923706055;34,08000183105469;31,77178955078125;30371500
2023-12-13;34,209999084472656;34,619998931884766;34,13999938964844;34,56999969482422;32,228599548339844;38992900
2023-12-14;35,0;35,7400016784668;34,84000015258789;35,31999969482422;32,92780303955078;57950000
2023-12-15;35,279998779296875;35,790000915527344;35,0;35,400001525878906;33,002384185791016;56570100
2023-12-18;35,75;36,29999923706055;35,58000183105469;35,84000015258789;33,41258239746094;44474300
2023-12-19;35,959999084472656;36,25;35,810001373291016;36,25;33,79481506347656;32183000
2023-12-20;36,369998931884766;36,7400016784668;36,290000915527344;36,380001068115234;33,91600799560547;38947900
2023-12-21;36,66999816894531;36,68000030517578;36,06999969482422;36,38999938964844;33,92533493041992;30511900
2023-12-22;36,5;36,79999923706055;36,369998931884766;36,7400016784668;34,25162887573242;31234700
2023-12-26;36,86000061035156;37,369998931884766;36,83000183105469;37,33000183105469;34,801666259765625;23466800
2023-12-27;37,31999969482422;37,43000030517578;37,130001068115234;37,36000061035156;34,82963562011719;19588500
2023-12-28;37,22999954223633;37,36000061035156;37,040000915527344;37,2400016784668;34,7177619934082;21421900
2024-01-02;37,439998626708984;37,88999938964844;37,400001525878906;37,779998779296875;35,221187591552734;24043800
2024-01-03;37,79999923706055;39,119998931884766;37,66999816894531;38,959999084472656;36,321266174316406;52300200
2024-01-04;39,119998931884766;39,349998474121094;38,5099983215332;38,630001068115234;36,01361846923828;45344900
2024-01-05;38,869998931884766;39,13999938964844;38,40999984741211;38,720001220703125;36,0975227355957;35783700
2024-01-08;38,380001068115234;38,43000030517578;37,61000061035156;38,43000030517578;35,82716751098633;35158100
2024-01-09;38,66999816894531;38,75;38,029998779296875;38,099998474121094;35,51951217651367;27279000
2024-01-10;38,099998474121094;38,27000045776367;37,5099983215332;37,75;35,19321823120117;27382000
2024-01-11;37,97999954223633;38,150001525878906;37,70000076293945;38,06999969482422;35,491546630859375;26564400
2024-01-12;38,5;38,72999954223633;38,16999816894531;38,16999816894531;35,584774017333984;24479500
2024-01-15;37,9900016784668;38,619998931884766;37,86000061035156;38,58000183105469;35,96700668334961;13818300
2024-01-16;38,61000061035156;38,790000915527344;38,08000183105469;38,099998474121094;35,51951217651367;31277700
2024-01-17;37,970001220703125;38,150001525878906;37,81999969482422;37,880001068115234;35,314414978027344;27577300
2024-01-18;38,13999938964844;38,13999938964844;37,560001373291016;37,72999954223633;35,17457580566406;22987200
2024-01-19;37,810001373291016;37,900001525878906;37,22999954223633;37,529998779296875;34,988121032714844;31745200
2024-01-22;37,5;37,810001373291016;37,22999954223633;37,70000076293945;35,146610260009766;22753700
2024-01-23;37,84000015258789;38,369998931884766;37,43000030517578;38,16999816894531;35,584774017333984;32498500
2024-01-24;38,290000915527344;38,540000915527344;37,77000045776367;37,880001068115234;35,314414978027344;25415300
2024-01-25;38,2599983215332;39,279998779296875;38,130001068115234;39,279998779296875;36,619590759277344;48655300
2024-01-26;39,099998474121094;40,09000015258789;38,90999984741211;39,959999084472656;37,2535400390625;41378200
2024-01-29;40,0;40,59000015258789;39,83000183105469;40,56999969482422;37,82222366333008;30547500
2024-01-30;40,16999816894531;40,7400016784668;40,04999923706055;40,31999969482422;37,58915710449219;34829000
2024-01-31;40,22999954223633;41,2400016784668;40,18000030517578;40,7599983215332;37,99935531616211;57978900
2024-02-01;40,779998779296875;41,880001068115234;40,66999816894531;41,56999969482422;38,75449752807617;61629200
2024-02-02;41,58000183105469;41,779998779296875;41,02000045776367;41,029998779296875;38,251068115234375;36485600
2024-02-05;41,0099983215332;41,68000030517578;40,93000030517578;41,209999084472656;38,41887664794922;27703000
2024-02-06;41,45000076293945;42,349998474121094;41,27000045776367;41,59000015258789;38,77313995361328;35474600
2024-02-07;41,52000045776367;42,20000076293945;41,41999816894531;42,20000076293945;39,34182357788086;30648100
2024-02-08;42,29999923706055;42,45000076293945;41,86000061035156;41,86000061035156;39,02485275268555;25589100
2024-02-09;42,13999938964844;42,33000183105469;41,29999923706055;41,29999923706055;38,50278091430664;30388000
2024-02-14;41,099998474121094;41,400001525878906;40,86000061035156;40,9900016784668;38,21377944946289;18315300
2024-02-15;41,0099983215332;42,29999923706055;40,849998474121094;42,29999923706055;39,43505096435547;33246400
2024-02-16;42,09000015258789;42,88999938964844;42,060001373291016;42,689998626708984;39,79863739013672;37268900
2024-02-19;42,7599983215332;42,939998626708984;42,560001373291016;42,900001525878906;39,994415283203125;12826700
2024-02-20;42,77000045776367;42,81999969482422;42,099998474121094;42,45000076293945;39,574893951416016;42375400
2024-02-21;42,45000076293945;42,720001220703125;42,130001068115234;42,5099983215332;39,63082504272461;20873800
2024-02-22;42,66999816894531;42,68000030517578;41,79999923706055;42,189998626708984;39,33250045776367;32162800
2024-02-23;42,13999938964844;42,2400016784668;41,61000061035156;41,900001525878906;39,0621452331543;43924500
2024-02-26;41,900001525878906;42,72999954223633;41,83000183105469;42,689998626708984;39,79863739013672;25885700
2024-02-27;42,70000076293945;42,81999969482422;42,380001068115234;42,630001068115234;39,74270248413086;27678100
2024-02-28;42,52000045776367;42,939998626708984;39,83000183105469;40,43000030517578;37,691707611083984;112322000
2024-02-29;40,59000015258789;41,2400016784668;39,849998474121094;40,13999938964844;37,42134475708008;61899800
2024-03-01;40,349998474121094;40,849998474121094;40,13999938964844;40,18000030517578;37,458641052246094;31248500
2024-03-04;40,27000045776367;40,75;40,02000045776367;40,08000183105469;37,365413665771484;21988000
2024-03-05;40,099998474121094;40,369998931884766;39,61000061035156;39,959999084472656;37,2535400390625;30293300
2024-03-06;40,20000076293945;40,84000015258789;40,11000061035156;40,84000015258789;38,073936462402344;45481000
2024-03-07;40,63999938964844;40,939998626708984;40,279998779296875;40,38999938964844;37,654415130615234;50199800
2024-03-08;35,900001525878906;37,060001373291016;35,099998474121094;36,70000076293945;34,21433639526367;230369800
2024-03-11;35,66999816894531;37,7400016784668;35,29999923706055;35,650001525878906;33,23545455932617;127528700
2024-03-12;36,349998474121094;37,22999954223633;36,15999984741211;36,81999969482422;34,326210021972656;76139100
2024-03-13;36,900001525878906;37,33000183105469;36,310001373291016;36,380001068115234;33,91600799560547;45140600
2024-03-14;36,7400016784668;36,91999816894531;36,150001525878906;36,220001220703125;33,766849517822266;39983400
2024-03-15;36,29999923706055;36,45000076293945;35,939998626708984;36,31999969482422;33,86007308959961;59362500
2024-03-18;36,40999984741211;36,720001220703125;35,5;36,34000015258789;33,878719329833984;35326100
2024-03-19;36,38999938964844;36,849998474121094;35,560001373291016;36,06999969482422;33,62700653076172;48540800
2024-03-20;36,22999954223633;36,7400016784668;35,810001373291016;36,70000076293945;34,21433639526367;39017900
2024-03-21;36,849998474121094;37,060001373291016;35,68000030517578;35,70000076293945;33,282066345214844;47220200
2024-03-22;35,900001525878906;36,220001220703125;35,43000030517578;36,04999923706055;33,60835647583008;34426800
2024-03-25;36,18000030517578;36,83000183105469;36,15999984741211;36,599998474121094;34,12110900878906;26951500
2024-03-26;36,66999816894531;36,66999816894531;36,16999816894531;36,2599983215332;33,804134368896484;24837800
2024-03-27;36,279998779296875;36,65999984741211;36,119998931884766;36,54999923706055;34,074493408203125;19995700
2024-03-28;36,5;37,52000045776367;36,470001220703125;37,36000061035156;34,82963562011719;31958200
2024-04-01;37,5;37,709999084472656;37,209999084472656;37,650001525878906;35,09999465942383;23697800
2024-04-02;37,81999969482422;38,650001525878906;37,77000045776367;38,619998931884766;36,004295349121094;45930700
2024-04-03;38,70000076293945;39,0099983215332;38,220001220703125;38,41999816894531;35,817840576171875;31437200
2024-04-04;38,470001220703125;39,47999954223633;37,43000030517578;37,97999954223633;35,40764236450195;165566800
2024-04-05;37,900001525878906;38,56999969482422;37,16999816894531;38,099998474121094;35,51951217651367;65469200
2024-04-08;38,029998779296875;39,060001373291016;37,72999954223633;38,630001068115234;36,01361846923828;36384400
2024-04-09;38,900001525878906;39,13999938964844;38,060001373291016;38,72999954223633;36,10684585571289;36989300
2024-04-10;38,72999954223633;39,72999954223633;38,65999984741211;39,59000015258789;36,908599853515625;55821500
2024-04-11;39,599998474121094;39,7599983215332;39,20000076293945;39,29999923706055;36,638240814208984;33195300
2024-04-12;39,720001220703125;40,04999923706055;38,70000076293945;38,939998626708984;36,30261993408203;39613500
2024-04-15;38,939998626708984;39,45000076293945;38,630001068115234;39,310001373291016;36,64756393432617;28692000
2024-04-16;39,0099983215332;39,709999084472656;38,95000076293945;39,4900016784668;36,815372467041016;37303000
2024-04-17;39,4900016784668;39,95000076293945;39,34000015258789;39,779998779296875;37,08572769165039;39221700
2024-04-18;40,0;40,59000015258789;39,650001525878906;39,849998474121094;37,1509895324707;45078800
2024-04-19;40,04999923706055;41,06999969482422;39,84000015258789;40,529998779296875;37,78493118286133;80546900
2024-04-22;40,7599983215332;41,59000015258789;40,52000045776367;41,5;38,68923568725586;51775500
2024-04-23;41,400001525878906;41,630001068115234;40,959999084472656;41,41999816894531;38,61465072631836;35456900
2024-04-24;41,54999923706055;41,9900016784668;41,209999084472656;41,22999954223633;38,437522888183594;45388300
2024-04-25;41,400001525878906;42,47999954223633;41,08000183105469;42,220001220703125;39,3604736328125;66372400
2024-04-26;41,290000915527344;41,779998779296875;41,06999969482422;41,650001525878906;39,90800094604492;31899100
2024-04-29;41,47999954223633;42,150001525878906;41,31999969482422;42,150001525878906;40,387088775634766;27886000
2024-04-30;42,0;42,209999084472656;41,619998931884766;42,02000045776367;40,26252746582031;36635400
2024-05-02;42,25;42,380001068115234;41,84000015258789;42,18000030517578;40,415836334228516;33244700
2024-05-03;40,689998626708984;40,689998626708984;39,45000076293945;39,88999938964844;39,88999938964844;45114200
2024-05-06;39,869998931884766;40,36000061035156;39,720001220703125;40,15999984741211;40,15999984741211;22977200
2024-05-07;40,150001525878906;40,650001525878906;40,0;40,650001525878906;40,650001525878906;23808600
2024-05-08;40,349998474121094;41,33000183105469;40,310001373291016;41,27000045776367;41,27000045776367;25352000
2024-05-09;41,060001373291016;41,84000015258789;40,939998626708984;41,66999816894531;41,66999816894531;27206400
2024-05-10;41,84000015258789;42,09000015258789;41,5;41,58000183105469;41,58000183105469;27968700
2024-05-13;41,7400016784668;41,970001220703125;41,5099983215332;41,619998931884766;41,619998931884766;18394300
2024-05-14;40,7599983215332;41,29999923706055;40,15999984741211;40,869998931884766;40,869998931884766;53613200
2024-05-15;37,599998474121094;38,810001373291016;37,5;38,400001525878906;38,400001525878906;131281100
2024-05-16;38,29999923706055;38,650001525878906;37,2400016784668;37,279998779296875;37,279998779296875;83168500
2024-05-17;37,349998474121094;37,41999816894531;36,5099983215332;36,689998626708984;36,689998626708984;67207900
2024-05-20;36,72999954223633;37,2400016784668;36,630001068115234;36,75;36,75;40400400
2024-05-21;36,790000915527344;37,09000015258789;36,56999969482422;36,68000030517578;36,68000030517578;27967400
2024-05-22;36,5;37,459999084472656;36,40999984741211;37,18000030517578;37,18000030517578;36528800
2024-05-23;37,439998626708984;37,709999084472656;36,56999969482422;36,810001373291016;36,810001373291016;47987800
2024-05-24;37,06999969482422;37,189998626708984;36,56999969482422;36,61000061035156;36,61000061035156;23684700
2024-05-27;36,720001220703125;37,08000183105469;36,689998626708984;37,0099983215332;37,0099983215332;13623300
2024-05-28;37,439998626708984;38,290000915527344;37,40999984741211;37,79999923706055;37,79999923706055;46437700
2024-05-29;37,709999084472656;37,91999816894531;37,439998626708984;37,75;37,75;29246800
